feature,intervention,scale,property,metric,baseline,ablated,delta,frac_molecules_affected
100,ablate,0.0,drug_likeness,R2,0.5291568727581608,-0.026130018300044133,-0.555286891058205,0.41330255194359516
100,ablate,0.0,complexity_ringproxy,R2,0.9399858719341794,0.8305812585053542,-0.10940461342882513,0.41330255194359516
100,ablate,0.0,lipophilicity,R2,0.8243855740422517,0.4580731441964374,-0.36631242984581425,0.41330255194359516
100,ablate,0.0,size,R2,0.9805196350182971,0.9129482445377737,-0.06757139048052341,0.41330255194359516
100,ablate,0.0,polarity,R2,0.9674208407166979,0.767427607873707,-0.19999323284299086,0.41330255194359516
100,ablate,0.0,flexibility,R2,0.566849969287009,0.5531939079204358,-0.013656061366573269,0.41330255194359516
100,ablate,0.0,molecular_weight,R2,0.9805119514692875,0.9130814593097457,-0.06743049215954178,0.41330255194359516
100,ablate,0.0,halogen,AUROC,0.9997442559566605,0.8024719457935557,-0.19727231016310476,0.41330255194359516
100,ablate,0.0,aromaticity,AUROC,0.9999957352730449,0.9972580648829872,-0.002737670390057678,0.41330255194359516
100,ablate,0.0,urea,AUROC,0.8499297615658112,0.8332443097456121,-0.016685451820199093,0.41330255194359516
100,ablate,0.0,boron,AUROC,1.0,0.999985768770991,-1.4231229009009638e-05,0.41330255194359516
877,ablate,0.0,drug_likeness,R2,0.5291568727581608,0.3475532727674918,-0.181603599990669,0.4945716603232046
877,ablate,0.0,complexity_ringproxy,R2,0.9399858719341794,0.7938520900773334,-0.146133781856846,0.4945716603232046
877,ablate,0.0,lipophilicity,R2,0.8243855740422517,0.6058197325253001,-0.21856584151695158,0.4945716603232046
877,ablate,0.0,size,R2,0.9805196350182971,0.9286596267724483,-0.0518600082458488,0.4945716603232046
877,ablate,0.0,polarity,R2,0.9674208407166979,0.40315795709186875,-0.5642628836248291,0.4945716603232046
877,ablate,0.0,flexibility,R2,0.566849969287009,-1.6309132481385915,-2.1977632174256003,0.4945716603232046
877,ablate,0.0,molecular_weight,R2,0.9805119514692875,0.927818240398087,-0.052693711071200466,0.4945716603232046
877,ablate,0.0,halogen,AUROC,0.9997442559566605,0.999578270576419,-0.00016598538024148457,0.4945716603232046
877,ablate,0.0,aromaticity,AUROC,0.9999957352730449,0.9999707155415748,-2.5019731470066198e-05,0.4945716603232046
877,ablate,0.0,urea,AUROC,0.8499297615658112,0.8485485233457496,-0.0013812382200616424,0.4945716603232046
877,ablate,0.0,boron,AUROC,1.0,1.0,0.0,0.4945716603232046
806,ablate,0.0,drug_likeness,R2,0.5291568727581608,0.5270359804585493,-0.002120892299611543,0.4248767704498658
806,ablate,0.0,complexity_ringproxy,R2,0.9399858719341794,0.9399811685123938,-4.703421785601236e-06,0.4248767704498658
806,ablate,0.0,lipophilicity,R2,0.8243855740422517,0.8243609219915553,-2.4652050696349903e-05,0.4248767704498658
806,ablate,0.0,size,R2,0.9805196350182971,0.9773915625726276,-0.003128072445669483,0.4248767704498658
806,ablate,0.0,polarity,R2,0.9674208407166979,0.9635501466025655,-0.0038706941141323226,0.4248767704498658
806,ablate,0.0,flexibility,R2,0.566849969287009,0.5627507649263146,-0.004099204360694442,0.4248767704498658
806,ablate,0.0,molecular_weight,R2,0.9805119514692875,0.9774003488440113,-0.003111602625276211,0.4248767704498658
806,ablate,0.0,halogen,AUROC,0.9997442559566605,0.9996940222580067,-5.02336986537566e-05,0.4248767704498658
806,ablate,0.0,aromaticity,AUROC,0.9999957352730449,0.9999957352730449,0.0,0.4248767704498658
806,ablate,0.0,urea,AUROC,0.8499297615658112,0.8502191862695038,0.00028942470369253126,0.4248767704498658
806,ablate,0.0,boron,AUROC,1.0,1.0,0.0,0.4248767704498658
176,ablate,0.0,drug_likeness,R2,0.5291568727581608,0.35708971104690534,-0.17206716171125547,0.8306607599675547
176,ablate,0.0,complexity_ringproxy,R2,0.9399858719341794,0.8793704737158993,-0.0606153982182801,0.8306607599675547
176,ablate,0.0,lipophilicity,R2,0.8243855740422517,0.7134931818004262,-0.11089239224182545,0.8306607599675547
176,ablate,0.0,size,R2,0.9805196350182971,0.7175393336886415,-0.26298030132965555,0.8306607599675547
176,ablate,0.0,polarity,R2,0.9674208407166979,0.9194348879137024,-0.047985952802995446,0.8306607599675547
176,ablate,0.0,flexibility,R2,0.566849969287009,0.5351107407411904,-0.031739228545818676,0.8306607599675547
176,ablate,0.0,molecular_weight,R2,0.9805119514692875,0.7178847343048106,-0.2626272171644769,0.8306607599675547
176,ablate,0.0,halogen,AUROC,0.9997442559566605,0.9989172496193288,-0.0008270063373316816,0.8306607599675547
176,ablate,0.0,aromaticity,AUROC,0.9999957352730449,0.9965816791879051,-0.0034140560851397828,0.8306607599675547
176,ablate,0.0,urea,AUROC,0.8499297615658112,0.8511204030297825,0.0011906414639712981,0.8306607599675547
176,ablate,0.0,boron,AUROC,1.0,1.0,0.0,0.8306607599675547
950,ablate,0.0,drug_likeness,R2,0.5291568727581608,0.025210120889422094,-0.5039467518687387,0.39090285143819803
950,ablate,0.0,complexity_ringproxy,R2,0.9399858719341794,0.9279837053001467,-0.01200216663403264,0.39090285143819803
950,ablate,0.0,lipophilicity,R2,0.8243855740422517,0.6683443215138754,-0.1560412525283763,0.39090285143819803
950,ablate,0.0,size,R2,0.9805196350182971,0.9499646613090396,-0.030554973709257527,0.39090285143819803
950,ablate,0.0,polarity,R2,0.9674208407166979,0.6155211885533475,-0.3518996521633504,0.39090285143819803
950,ablate,0.0,flexibility,R2,0.566849969287009,0.21354908329418942,-0.3533008859928196,0.39090285143819803
950,ablate,0.0,molecular_weight,R2,0.9805119514692875,0.9502328655526674,-0.030279085916620097,0.39090285143819803
950,ablate,0.0,halogen,AUROC,0.9997442559566605,0.9996688080565507,-7.544790010982627e-05,0.39090285143819803
950,ablate,0.0,aromaticity,AUROC,0.9999957352730449,0.9999963039033055,5.686302606555671e-07,0.39090285143819803
950,ablate,0.0,urea,AUROC,0.8499297615658112,0.8498474049428093,-8.235662300193347e-05,0.39090285143819803
950,ablate,0.0,boron,AUROC,1.0,1.0,0.0,0.39090285143819803
746,ablate,0.0,drug_likeness,R2,0.5291568727581608,0.4918526456697975,-0.03730422708836334,0.19230049291820053
746,ablate,0.0,complexity_ringproxy,R2,0.9399858719341794,0.8790582704491102,-0.06092760148506915,0.19230049291820053
746,ablate,0.0,lipophilicity,R2,0.8243855740422517,0.7829286423646151,-0.04145693167763653,0.19230049291820053
746,ablate,0.0,size,R2,0.9805196350182971,0.9561632956818586,-0.024356339336438437,0.19230049291820053
746,ablate,0.0,polarity,R2,0.9674208407166979,0.953908525219709,-0.013512315496988836,0.19230049291820053
746,ablate,0.0,flexibility,R2,0.566849969287009,0.34891683391628103,-0.217933135370728,0.19230049291820053
746,ablate,0.0,molecular_weight,R2,0.9805119514692875,0.9560705434147716,-0.02444140805451589,0.19230049291820053
746,ablate,0.0,halogen,AUROC,0.9997442559566605,0.9998078268970109,6.357094035036592e-05,0.19230049291820053
746,ablate,0.0,aromaticity,AUROC,0.9999957352730449,0.9999954509579145,-2.8431513032778355e-07,0.19230049291820053
746,ablate,0.0,urea,AUROC,0.8499297615658112,0.848496756325577,-0.0014330052402342641,0.19230049291820053
746,ablate,0.0,boron,AUROC,1.0,0.9999928843854955,-7.115614504504819e-06,0.19230049291820053
163,ablate,0.0,drug_likeness,R2,0.5291568727581608,-0.03822260783575637,-0.5673794805939172,0.5089848380857304
163,ablate,0.0,complexity_ringproxy,R2,0.9399858719341794,0.7967202012484261,-0.14326567068575324,0.5089848380857304
163,ablate,0.0,lipophilicity,R2,0.8243855740422517,-0.5516312218129764,-1.376016795855228,0.5089848380857304
163,ablate,0.0,size,R2,0.9805196350182971,0.9779292228575055,-0.0025904121607915886,0.5089848380857304
163,ablate,0.0,polarity,R2,0.9674208407166979,0.8786276834944386,-0.08879315722225922,0.5089848380857304
163,ablate,0.0,flexibility,R2,0.566849969287009,0.4612680840136778,-0.10558188527333123,0.5089848380857304
163,ablate,0.0,molecular_weight,R2,0.9805119514692875,0.977724223222731,-0.0027877282465564868,0.5089848380857304
163,ablate,0.0,halogen,AUROC,0.9997442559566605,0.9997033680624073,-4.088789425316097e-05,0.5089848380857304
163,ablate,0.0,aromaticity,AUROC,0.9999957352730449,0.9999351761502822,-6.0559122762704476e-05,0.5089848380857304
163,ablate,0.0,urea,AUROC,0.8499297615658112,0.7882987710038801,-0.06163099056193111,0.5089848380857304
163,ablate,0.0,boron,AUROC,1.0,0.999893265782433,-0.00010673421756701718,0.5089848380857304
741,ablate,0.0,drug_likeness,R2,0.5291568727581608,0.5291087868557052,-4.808590245564126e-05,0.7774068758969239
741,ablate,0.0,complexity_ringproxy,R2,0.9399858719341794,0.9189047912620144,-0.021081080672164965,0.7774068758969239
741,ablate,0.0,lipophilicity,R2,0.8243855740422517,0.7753897668464775,-0.04899580719577412,0.7774068758969239
741,ablate,0.0,size,R2,0.9805196350182971,0.977516995651595,-0.0030026393667020868,0.7774068758969239
741,ablate,0.0,polarity,R2,0.9674208407166979,0.710657726234937,-0.2567631144817609,0.7774068758969239
741,ablate,0.0,flexibility,R2,0.566849969287009,0.34356828331997546,-0.22328168596703357,0.7774068758969239
741,ablate,0.0,molecular_weight,R2,0.9805119514692875,0.9775001503146993,-0.0030118011545882117,0.7774068758969239
741,ablate,0.0,halogen,AUROC,0.9997442559566605,0.9996742597757845,-6.999618087599746e-05,0.7774068758969239
741,ablate,0.0,aromaticity,AUROC,0.9999957352730449,0.99623595198941,-0.00375978328363491,0.7774068758969239
741,ablate,0.0,urea,AUROC,0.8499297615658112,0.8410540706525703,-0.008875690913240919,0.7774068758969239
741,ablate,0.0,boron,AUROC,1.0,0.9999715375419822,-2.8462458017797232e-05,0.7774068758969239
995,ablate,0.0,drug_likeness,R2,0.5291568727581608,0.4736656470507685,-0.05549122570739229,0.35730330068010235
995,ablate,0.0,complexity_ringproxy,R2,0.9399858719341794,0.8400789556917909,-0.09990691624238845,0.35730330068010235
995,ablate,0.0,lipophilicity,R2,0.8243855740422517,0.819670113256403,-0.004715460785848613,0.35730330068010235
995,ablate,0.0,size,R2,0.9805196350182971,0.9468830368643524,-0.03363659815394471,0.35730330068010235
995,ablate,0.0,polarity,R2,0.9674208407166979,0.901266678943673,-0.06615416177302491,0.35730330068010235
995,ablate,0.0,flexibility,R2,0.566849969287009,-0.04866765429145481,-0.6155176235784638,0.35730330068010235
995,ablate,0.0,molecular_weight,R2,0.9805119514692875,0.9467148635685677,-0.03379708790071978,0.35730330068010235
995,ablate,0.0,halogen,AUROC,0.9997442559566605,0.9994667050363859,-0.00027755092027459405,0.35730330068010235
995,ablate,0.0,aromaticity,AUROC,0.9999957352730449,0.9999960195881752,2.8431513032778355e-07,0.35730330068010235
995,ablate,0.0,urea,AUROC,0.8499297615658112,0.8496662203722047,-0.00026354119360649797,0.35730330068010235
995,ablate,0.0,boron,AUROC,1.0,0.9997936471793704,-0.00020635282062964055,0.35730330068010235
632,ablate,0.0,drug_likeness,R2,0.5291568727581608,0.5282973701029638,-0.0008595026551969642,0.40069882074000124
632,ablate,0.0,complexity_ringproxy,R2,0.9399858719341794,0.9398087413868785,-0.0001771305473008411,0.40069882074000124
632,ablate,0.0,lipophilicity,R2,0.8243855740422517,0.8239393040395334,-0.0004462700027182409,0.40069882074000124
632,ablate,0.0,size,R2,0.9805196350182971,0.9800452400905176,-0.00047439492777945347,0.40069882074000124
632,ablate,0.0,polarity,R2,0.9674208407166979,0.9672036328968358,-0.00021720781986211968,0.40069882074000124
632,ablate,0.0,flexibility,R2,0.566849969287009,0.5525546174873461,-0.014295351799662903,0.40069882074000124
632,ablate,0.0,molecular_weight,R2,0.9805119514692875,0.9800334471695625,-0.0004785042997249578,0.40069882074000124
632,ablate,0.0,halogen,AUROC,0.9997442559566605,0.9992339360955312,-0.0005103198611292603,0.40069882074000124
632,ablate,0.0,aromaticity,AUROC,0.9999957352730449,0.9999854999283525,-1.023534469235532e-05,0.40069882074000124
632,ablate,0.0,urea,AUROC,0.8499297615658112,0.8498897597774959,-4.000178831531365e-05,0.40069882074000124
632,ablate,0.0,boron,AUROC,1.0,1.0,0.0,0.40069882074000124
188,ablate,0.0,drug_likeness,R2,0.5291568727581608,-0.40256662721361836,-0.9317234999717792,0.46434142384725774
188,ablate,0.0,complexity_ringproxy,R2,0.9399858719341794,0.9042094780131944,-0.03577639392098497,0.46434142384725774
188,ablate,0.0,lipophilicity,R2,0.8243855740422517,0.47754691543540895,-0.3468386586068427,0.46434142384725774
188,ablate,0.0,size,R2,0.9805196350182971,0.9752200975325884,-0.005299537485708661,0.46434142384725774
188,ablate,0.0,polarity,R2,0.9674208407166979,0.7518085038765576,-0.21561233684014025,0.46434142384725774
188,ablate,0.0,flexibility,R2,0.566849969287009,0.03880078468972081,-0.5280491845972882,0.46434142384725774
188,ablate,0.0,molecular_weight,R2,0.9805119514692875,0.9749487401848741,-0.005563211284413394,0.46434142384725774
188,ablate,0.0,halogen,AUROC,0.9997442559566605,0.9988005244164494,-0.0009437315402111013,0.46434142384725774
188,ablate,0.0,aromaticity,AUROC,0.9999957352730449,0.9999954509579145,-2.8431513032778355e-07,0.46434142384725774
188,ablate,0.0,urea,AUROC,0.8499297615658112,0.8469884536014551,-0.002941307964356099,0.46434142384725774
188,ablate,0.0,boron,AUROC,1.0,0.9995801787442363,-0.0004198212557636749,0.46434142384725774
211,ablate,0.0,drug_likeness,R2,0.5291568727581608,0.14200143385549135,-0.38715543890266946,0.429182005365945
211,ablate,0.0,complexity_ringproxy,R2,0.9399858719341794,0.9064638431903546,-0.03352202874382482,0.429182005365945
211,ablate,0.0,lipophilicity,R2,0.8243855740422517,-0.8467318774331978,-1.6711174514754494,0.429182005365945
211,ablate,0.0,size,R2,0.9805196350182971,0.9541635635920953,-0.026356071426201777,0.429182005365945
211,ablate,0.0,polarity,R2,0.9674208407166979,0.9672791434869088,-0.00014169722978907284,0.429182005365945
211,ablate,0.0,flexibility,R2,0.566849969287009,0.32441061280525607,-0.24243935648175297,0.429182005365945
211,ablate,0.0,molecular_weight,R2,0.9805119514692875,0.9543165142600856,-0.02619543720920192,0.429182005365945
211,ablate,0.0,halogen,AUROC,0.9997442559566605,0.9997541858738361,9.929917175632852e-06,0.429182005365945
211,ablate,0.0,aromaticity,AUROC,0.9999957352730449,0.9999954509579145,-2.8431513032778355e-07,0.429182005365945
211,ablate,0.0,urea,AUROC,0.8499297615658112,0.8424658984754612,-0.007463863090350076,0.429182005365945
211,ablate,0.0,boron,AUROC,1.0,0.9998576877099107,-0.00014231229008931923,0.429182005365945
