feature,n_properties,properties,semanticity,activation_frequency,top_enriched_substructures,n_enriched,w_drug_likeness,w_complexity_ringproxy,w_lipophilicity,w_size,w_polarity,w_flexibility,w_molecular_weight,w_halogen,w_aromaticity,w_urea,w_boron
100,7,drug_likeness|complexity_ringproxy|lipophilicity|size|polarity|molecular_weight|halogen,polysemantic,0.41330255194359516,halogen_F(+77pts)|ester(+40pts),2,-0.11137855052947998,0.031511493027210236,0.7067199945449829,0.03191245719790459,-0.04823718219995499,0.03334488719701767,15.966357231140137,8.034870847224479,0.4344022287286319,-0.17059251811297893,-0.03021460925006226
877,5,drug_likeness|size|polarity|flexibility|molecular_weight,polysemantic,0.4945716603232046,benzene(+47pts)|alcohol(-33pts),2,-0.0671856701374054,-0.01351233385503292,-0.2476985901594162,0.03662995994091034,-0.05795889347791672,-0.16961678862571716,18.293344497680664,-0.10002712430110192,0.5809317579411436,-0.7071490366064437,-0.02975244573962722
806,5,complexity_ringproxy|size|polarity|flexibility|molecular_weight,polysemantic,0.4248767704498658,ester(+70pts)|ether(+50pts),2,0.06407155096530914,0.01729518547654152,-0.08943791687488556,-0.019610071554780006,0.06454166769981384,0.1696610450744629,-9.825052261352539,0.5428289496730485,0.09152855750153739,-0.19363646830183806,0.005564846605505889
424,4,size|polarity|flexibility|molecular_weight,polysemantic,0.4683034878642291,benzene(-77pts)|amide(-57pts),2,-0.029973408207297325,-0.007405965123325586,-0.0379103384912014,0.023246081545948982,0.07010126113891602,0.21430227160453796,11.607803344726562,0.3510807576253385,-0.05727338052710118,-0.6742194227348708,0.018640249489843656
835,4,drug_likeness|lipophilicity|polarity|flexibility,polysemantic,0.48745866350533473,benzene(-73pts)|amide(-50pts)|aromatic_N(-47pts),5,0.11840131133794785,-0.004927507601678371,-1.429260492324829,-0.0029523891862481833,0.04090357571840286,-0.09471902996301651,-1.4607868194580078,-0.031567131778727595,-0.5113498278841443,0.14371900796749473,0.001393566055627184
442,4,complexity_ringproxy|lipophilicity|aromaticity|urea,polysemantic,0.7667061833156549,halogen_F(+70pts)|amide(+53pts)|pyridine(-37pts),3,0.06464136391878128,-0.04802833870053291,-0.6017994284629822,-0.01730630174279213,-0.0031180952209979296,-0.07318435609340668,-8.655315399169922,0.6230741249449563,-3.184728429532547,-0.9881213974650744,-0.04311682794280745
353,4,complexity_ringproxy|lipophilicity|flexibility|urea,polysemantic,0.5336307481125601,benzene(-63pts)|aromatic_N(-60pts)|ether(+47pts),5,0.00915323756635189,-0.09284645318984985,-0.6214098930358887,0.00031575834145769477,0.014028279110789299,-0.09180634468793869,0.15468677878379822,0.8392823775729928,-0.775559178087627,-1.2148927305442976,0.044190143992071176
334,4,lipophilicity|size|molecular_weight|urea,polysemantic,0.4405378423909653,ester(+50pts)|aromatic_N(+43pts),2,0.037484828382730484,-0.0075969090685248375,-0.4633084833621979,-0.02145365998148918,0.0017438636859878898,0.02154768630862236,-10.734563827514648,-0.7823628562302044,0.025586510822894926,1.948035717847151,-0.047158442089047625
807,4,complexity_ringproxy|halogen|aromaticity|boron,polysemantic,0.5846384226617583,halogen_F(+70pts)|aromatic_N(+53pts)|benzene(-43pts),4,0.0004927351255901158,0.01687069982290268,0.02853119932115078,0.00107965141069144,-0.003840068820863962,0.019917532801628113,0.5370029211044312,3.9891273955944526,0.795069169662989,0.18452999799868927,0.2001793983024998
211,4,drug_likeness|lipophilicity|size|molecular_weight,polysemantic,0.429182005365945,aromatic_N(+43pts)|ester(+43pts)|ether(+43pts),4,-0.10656963288784027,0.0032983794808387756,1.5592749118804932,0.024845412001013756,-0.011482474394142628,0.05087009072303772,12.408588409423828,0.6719261009814785,0.237964368907179,-0.4885564452128904,-0.006290586482612699
188,4,drug_likeness|lipophilicity|polarity|flexibility,polysemantic,0.46434142384725774,halogen_F(+53pts)|aromatic_N(+43pts),2,0.08020380139350891,-0.0024027316831052303,-0.5245159864425659,-0.008792299777269363,0.04200219362974167,-0.10897235572338104,-4.397133827209473,1.2058900751532156,0.28210070978282836,0.24789459305748016,-0.057398777496028675
176,4,size|molecular_weight|halogen|aromaticity,polysemantic,0.8306607599675547,halogen_Cl(+83pts)|halogen_Br(+63pts),2,-0.030069652944803238,-0.015564861707389355,0.21791312098503113,0.03998786211013794,-0.01887860707938671,0.019231215119361877,19.993572235107422,2.463740583700224,-4.321323795749232,0.22856803483186877,0.013832872138074093
950,4,drug_likeness|lipophilicity|polarity|flexibility,polysemantic,0.39090285143819803,ester(+63pts)|ether(+47pts),2,0.07909004390239716,0.00920086819678545,-0.5295149683952332,0.015214778482913971,-0.0577542670071125,-0.09365542232990265,7.610180854797363,-0.24696347870781366,0.19205610336064927,0.5335372992856301,0.004641922252410511
163,4,complexity_ringproxy|lipophilicity|polarity|urea,polysemantic,0.5089848380857304,benzene(+60pts)|amine_secondary(+53pts)|carboxylic_acid(-37pts),3,-0.035377707332372665,-0.04584170877933502,1.2030518054962158,-0.0164746455848217,-0.035782717168331146,0.0196816548705101,-8.217412948608398,0.7146345370939338,0.6526435186995336,-1.0432043026570301,-0.05410024950027894
746,4,complexity_ringproxy|size|flexibility|molecular_weight,polysemantic,0.19230049291820053,amide(-60pts)|halogen_Cl(+40pts),2,-0.04189407825469971,0.030278120189905167,0.37498944997787476,0.017729923129081726,-0.0023782430216670036,0.11504010856151581,8.882163047790527,0.018375689096140076,0.22375684098136855,-0.4739596970435932,0.021335258087513333
741,4,polarity|aromaticity|urea|boron,polysemantic,0.7774068758969239,benzene(+57pts)|halogen_Br(+57pts)|aromatic_N(+43pts),5,-0.008462974801659584,-0.0018340188544243574,0.16440729796886444,0.006163184531033039,0.04217980429530144,-0.05703744292259216,3.0827369689941406,0.2907907358481062,3.6237776667861086,-1.04391041688914,0.19420624943823808
995,4,complexity_ringproxy|size|flexibility|molecular_weight,polysemantic,0.35730330068010235,ester(+53pts)|ether(+43pts),2,0.014919662848114967,-0.031237855553627014,-0.014980803243815899,0.0346321202814579,0.023564938455820084,0.08672593533992767,17.31893539428711,-0.20038689104470175,0.0456153617937121,0.8636632728565994,-0.019109057515588234
632,4,drug_likeness|complexity_ringproxy|lipophilicity|flexibility,polysemantic,0.40069882074000124,benzene(-70pts)|amide(-57pts)|aromatic_N(-43pts),3,0.17549848556518555,-0.025078479200601578,-1.1239864826202393,-0.007238897494971752,0.028393244370818138,-0.08806295692920685,-3.6435012817382812,0.03972384831324254,-0.13531086277154708,0.31329889555006823,-0.0025009842865016995
354,3,lipophilicity|polarity|halogen,polysemantic,0.5300430523491608,sulfone(+60pts)|ester(+53pts)|ether(+43pts),3,-0.06285487115383148,0.00749469269067049,-0.6865575909614563,0.0029024865943938494,0.12126372009515762,0.038815539330244064,1.4524171352386475,-1.7882216884903321,-0.5147531091626567,0.09199818361535218,-0.014411231531179338
538,3,halogen|aromaticity|urea,polysemantic,0.5620203406751108,halogen_F(-50pts)|amine_secondary(+47pts)|carboxylic_acid(-40pts),4,0.010994996875524521,-0.011224664747714996,-0.3333248496055603,-0.014884298667311668,0.022484013810753822,-0.02466900460422039,-7.448356628417969,-8.335271985926301,-0.8009298065095486,1.6494573877781,-0.10617033297178144
217,3,lipophilicity|polarity|halogen,polysemantic,0.46827229050976477,aromatic_N(-67pts)|amide(-47pts)|ether(-40pts),4,0.01731826178729534,0.011108262464404106,0.9483615159988403,0.003309591906145215,-0.13422369956970215,-0.011640035547316074,1.646691918373108,2.2528974396036876,0.7947306896298231,-0.7600680551204235,-0.05630365421686662
617,3,size|molecular_weight|halogen,polysemantic,0.49943844761964185,benzene(+57pts),1,-0.03218039125204086,0.00427066907286644,-0.08822494745254517,0.03447011113166809,0.011577150784432888,0.01901254989206791,17.228397369384766,1.4246104838836757,0.5082051519944765,-0.2646940295775064,-0.04541463992446958
26,3,complexity_ringproxy|lipophilicity|flexibility,polysemantic,0.45198727147937856,,0,-0.04707071930170059,0.07867597043514252,0.5044791102409363,-0.003578777192160487,-0.014374956488609314,0.1287802904844284,-1.7885185480117798,-0.58311512142874,0.6467740043456734,0.4980020638949892,-0.022774018877301523
929,3,size|flexibility|molecular_weight,polysemantic,0.04526736132775941,benzene(-60pts)|aromatic_N(-43pts)|amide(-43pts),4,0.014634857885539532,0.000744944263715297,-0.19561079144477844,-0.018339628353714943,0.014978346414864063,-0.0910152941942215,-9.166786193847656,0.11450349145477752,0.19010422141578295,-0.47513238556406134,0.007732042909010346
439,3,size|polarity|molecular_weight,polysemantic,0.33895925625506956,ether(+60pts)|ester(+57pts)|amine_primary(-37pts),3,-0.0003768174792639911,0.003632429288700223,0.017787722870707512,-0.02755633555352688,0.0392485111951828,0.06970065087080002,-13.760663032531738,-0.7733258878308816,0.21533219690515765,0.2265084128700238,0.0032117754168452203
854,3,lipophilicity|halogen|aromaticity,polysemantic,0.9358582392213141,halogen_Cl(+100pts)|nitrile(-50pts)|amine_secondary(-37pts),3,0.002260098233819008,-0.0020783001091331244,0.4644691050052643,0.01491217315196991,-0.024055590853095055,-0.05257688835263252,7.454357147216797,4.5670725640417595,2.173846336865449,0.7433794727963434,-0.0664878078772178
591,3,drug_likeness|size|molecular_weight,polysemantic,0.23101640980844823,ester(+70pts)|ether(+50pts),2,-0.0790470764040947,0.011468974873423576,0.30713334679603577,0.024113530293107033,0.010394417680799961,-0.06482932716608047,12.056706428527832,0.7229436086337301,-0.03777630829991838,-0.43518352591287207,0.017946382166537437
956,3,drug_likeness|complexity_ringproxy|flexibility,polysemantic,0.20655768390840457,amide(-57pts)|halogen_F(-53pts)|aromatic_N(-50pts),5,-0.06591816991567612,0.034788720309734344,0.30457767844200134,-0.0011374459136277437,-0.0014520620461553335,0.09701846539974213,-0.5348387360572815,-0.26299144042418154,-0.3875176627380594,-0.15394336980680712,0.02473897080800007
41,3,complexity_ringproxy|flexibility|halogen,polysemantic,0.47335745928745243,ester(+53pts),1,-0.0042208656668663025,0.025296146050095558,0.37430691719055176,0.005473119206726551,-0.004534686915576458,0.12568804621696472,2.7532248497009277,-1.4971578385375368,0.3668656085998391,0.6117666335590861,-0.03509307516356267
831,2,aromaticity|urea,polysemantic,0.6397641480002496,halogen_Br(+63pts)|amine_tertiary(+60pts)|amide(-53pts),4,0.008070513606071472,0.0023519026581197977,-0.014157307334244251,-0.0028924017678946257,0.003103414783254266,0.020811954513192177,-1.4465664625167847,0.009846933691723481,1.3088184158478495,1.009694146772118,-0.05990623533732857
468,2,size|molecular_weight,polysemantic,0.07393773008048918,benzene(-80pts)|amide(-50pts)|halogen_F(-37pts),4,0.0013496701139956713,0.011519843712449074,0.21799325942993164,-0.022341802716255188,0.002243544440716505,0.0673760175704956,-11.136421203613281,0.04835422473857901,-0.01710855292963961,-0.07712089667834461,-0.027957664979628656
824,2,complexity_ringproxy|polarity,polysemantic,0.5278592375366569,benzene(-77pts)|amide(-53pts)|ether(-40pts),3,0.03974001109600067,-0.017422635108232498,0.3600117862224579,-0.0031620219815522432,0.03866392746567726,-0.033993251621723175,-1.57326078414917,0.9197546205858366,0.4410184583188127,-0.43173973424541456,0.022782621253983906
775,2,lipophilicity|polarity,polysemantic,0.13077930991451925,benzene(-67pts)|ether(-40pts),2,0.0407620333135128,-0.00521314051002264,1.12702214717865,0.002614966593682766,-0.040215469896793365,-0.043649423867464066,1.3203954696655273,-0.05818838449911216,0.16771558254703875,0.03724446119983436,0.03402268139856309
493,2,flexibility|halogen,polysemantic,0.4053472265551881,,0,0.006117098964750767,-0.0026492488104850054,-0.36960214376449585,0.012848411686718464,-0.003995830658823252,0.0979035273194313,6.430844306945801,-2.5203042052606315,-0.1003508986900687,0.911953488665518,0.0008044478748001028
652,2,urea|boron,polysemantic,0.017876084108067635,amide(-43pts)|halogen_I(+40pts),2,-0.003066923003643751,0.00039299362106248736,0.00948899146169424,0.0012199378106743097,0.00023309332027565688,0.0033924044109880924,0.6098736524581909,0.09566458022445905,0.19814386618483457,-1.1263642157453213,0.3398846161019361
518,2,lipophilicity|flexibility,polysemantic,0.3235165657952206,aromatic_N(+53pts)|ester(+50pts),2,0.006710167974233627,0.0042771934531629086,0.4772161543369293,0.01494576781988144,-0.016369977965950966,-0.08416087925434113,7.4775071144104,0.45544947184276063,0.17242878588716196,-0.5930328744019823,0.008340116381193318
800,2,lipophilicity|flexibility,polysemantic,0.48393336245086416,benzene(-93pts)|amide(-63pts)|aromatic_N(+53pts),4,0.008856263943016529,0.013707747682929039,-0.5131469368934631,-0.0012007553596049547,-6.244219548534602e-05,0.08813799917697906,-0.5759260058403015,-0.38023540529898386,0.7016240446874551,-0.3182283505077021,-0.06036239081250631
557,2,complexity_ringproxy|aromaticity,polysemantic,0.49603793598302864,aromatic_N(-57pts)|benzene(-57pts)|sulfone(+43pts),4,-0.06030730530619621,0.06902296841144562,0.058245252817869186,0.00750545272603631,-0.001544203027151525,0.07467144727706909,3.762357711791992,0.3213544496451003,-1.114794243396138,-0.06507760816334618,-0.0008037626495684197
558,2,flexibility|aromaticity,polysemantic,0.35234292132027206,benzene(-80pts)|amide(-57pts)|halogen_F(-43pts),3,-0.006038597319275141,-0.002331728581339121,0.44338124990463257,0.016523223370313644,-0.02850121259689331,-0.11746622622013092,8.279208183288574,0.939340505879235,1.0731567718282107,0.13833595254017614,-0.040927508161218325
608,2,polarity|halogen,polysemantic,0.4274973482248705,aromatic_N(+43pts)|alcohol(-33pts),2,-0.007253244519233704,0.01115605141967535,-0.11782443523406982,0.011894261464476585,-0.03493937849998474,-0.01972660794854164,5.947320938110352,1.6472212424087687,0.3715516243187217,0.08555536732839933,-0.02450551581120175
593,2,drug_likeness|aromaticity,polysemantic,0.5248642915080801,aromatic_N(-80pts)|ketone(+40pts),2,-0.0763382539153099,-0.003341986332088709,0.23235945403575897,-0.005918438080698252,0.017177384346723557,0.05287335440516472,-2.9553489685058594,-0.27523525383229164,-1.131918586568587,-0.6224650073037606,-0.08147542383188261
561,2,lipophilicity|urea,polysemantic,0.23095401509951957,ester(+63pts)|ether(+57pts),2,0.06303569674491882,-0.001296707196161151,-0.5372406840324402,-0.01239940244704485,0.012190026231110096,-0.019485946744680405,-6.200982570648193,0.504570132450381,0.21260008609207676,1.4749751871987535,0.05333588669511887
580,2,drug_likeness|aromaticity,polysemantic,0.5148187433705622,benzene(-77pts)|amide(-63pts)|aromatic_N(-57pts),4,-0.0684129148721695,0.0012213014997541904,-0.06468069553375244,0.009250139817595482,-0.010253127664327621,0.014422530308365822,4.629937648773193,-0.6020859430766503,-2.136941017993686,-0.5812279079690862,-0.017688879520744112
419,2,halogen|urea,polysemantic,0.14260310725650466,halogen_Br(+83pts)|amine_tertiary(+50pts)|amide(-47pts),4,-0.023713689297437668,-0.0019625823479145765,0.20872628688812256,0.010339057072997093,-0.0038028941489756107,-0.007420246955007315,5.169548511505127,2.2993337847614974,0.20282967566301374,-0.9353237147114675,0.02807549607784785
146,2,polarity|aromaticity,polysemantic,0.47959693018032074,aromatic_N(+67pts)|benzene(-67pts)|amide(-57pts),5,-0.053890444338321686,-0.004619106650352478,0.239981010556221,-0.004017436411231756,0.033187560737133026,-0.05078291893005371,-2.024125099182129,0.38068389716788087,0.8826443886090573,-0.547475032846015,-0.09893344166795108
90,2,complexity_ringproxy|lipophilicity,polysemantic,0.46440381855618645,aromatic_N(+47pts)|ester(+40pts),2,0.04574396833777428,0.01661691442131996,-0.4683557450771332,-0.0062103476375341415,-0.009682727046310902,-0.06638740003108978,-3.1082215309143066,0.3353405097080505,0.5560473066137728,-0.21740910830524623,-0.033209932557004176
968,2,complexity_ringproxy|flexibility,polysemantic,0.24343295688525612,benzene(-77pts)|amide(-70pts)|aromatic_N(-43pts),5,0.06028199940919876,-0.03142153471708298,-0.3972525894641876,-0.003612285479903221,-0.016327252611517906,-0.09764490276575089,-1.800220251083374,0.44069015906097453,-0.7048971708266253,-0.4387553262275324,0.008083661226197657
206,2,size|molecular_weight,polysemantic,0.18337804954139889,aromatic_N(-53pts)|amide(-47pts),2,-0.0073659224435687065,-0.008718046359717846,-0.14014513790607452,0.0256899856030941,-0.0019491726998239756,-0.07882679998874664,12.857095718383789,-0.022982024324391337,-0.6376605721176232,-0.08763899548609475,0.08545162360959459
920,2,complexity_ringproxy|urea,polysemantic,0.16996318712173208,benzene(-57pts)|amide(-53pts)|pyridine(-37pts),3,5.031039563618833e-06,-0.02362224832177162,-0.03120003268122673,-0.004038996063172817,0.01098326314240694,-0.013877811841666698,-2.021012544631958,0.08666890087955559,-0.6259333283381905,1.195998204319564,0.02128075386660396
226,2,size|molecular_weight,polysemantic,0.27759406002371,benzene(-77pts)|amide(-63pts)|aromatic_N(-53pts),5,0.028862586244940758,-0.0025316618848592043,-0.22052495181560516,-0.02215387113392353,0.0007687920005992055,-0.04372670501470566,-11.076251983642578,-0.3727060992839735,0.3766624388130356,-0.15176160769274813,-0.0011422725953683093
247,2,drug_likeness|polarity,polysemantic,0.21226679977537904,benzene(-77pts)|halogen_Cl(+50pts)|amide(-50pts),3,0.08397187292575836,0.006638319697231054,0.2198217809200287,0.007345183752477169,-0.03797541931271553,-0.0072382776997983456,3.667193651199341,0.519974550437486,-0.24635871706358708,0.6677514015731436,-0.015527899723265801
113,2,aromaticity|urea,polysemantic,0.18016472203157172,benzene(-63pts)|amine_secondary(+53pts),2,-0.009215200319886208,0.0012296627974137664,-0.06088108941912651,-0.004689335823059082,-0.004799257963895798,0.008255057036876678,-2.3427181243896484,-0.3765476224246466,-1.1505202175177076,0.9885763235573195,-0.028716864735772042
311,2,size|molecular_weight,polysemantic,0.018000873525925002,aromatic_N(-63pts)|benzene(-57pts)|amide(-40pts),4,0.010934656485915184,0.006453569978475571,0.409005343914032,0.02001182734966278,-0.024984819814562798,-0.022033339366316795,10.001221656799316,0.1280459913498178,0.09347546426897399,-0.0012532687053599333,0.0013950076546977996
346,2,halogen|aromaticity,polysemantic,0.7715105759031634,halogen_Br(+100pts)|aromatic_N(+53pts)|pyridine(+50pts),4,0.02632228657603264,0.00918634794652462,0.029187604784965515,0.015080313198268414,-0.031180333346128464,-0.005815485958009958,7.538934230804443,2.6754856594082925,1.371541137962002,-0.7396708702298215,0.031752200177680476
363,2,aromaticity|urea,polysemantic,0.32975603668808884,halogen_Cl(+53pts)|benzene(+47pts)|aromatic_O(+43pts),3,-0.0003721133107319474,0.0025760596618056297,-0.04659903794527054,-0.0044120741076767445,-0.015364004299044609,0.030324662104249,-2.2059521675109863,0.07818349652497844,0.975879024980834,1.2031412211343693,-0.051678387753647026
24,2,size|molecular_weight,polysemantic,0.30080489174518,ester(+60pts),1,0.025796491652727127,0.009328260086476803,-0.012954769656062126,-0.02498697303235531,-0.025107568129897118,0.082918681204319,-12.46764850616455,0.10082883245145784,-0.06126738524850896,-0.48081118270992473,0.031126636571395295
387,2,aromaticity|boron,polysemantic,0.7503899669308043,aromatic_N(+53pts)|amide(-37pts)|halogen_Br(+33pts),3,0.001591435051523149,0.005219786427915096,-0.10016822814941406,-0.0022447332739830017,0.009866307489573956,0.01344771683216095,-1.1206977367401123,0.6702033173465199,0.9217837848418767,0.5835308387303636,0.19251251597588454
400,2,size|molecular_weight,polysemantic,0.33961440069882076,benzene(-83pts)|amide(-60pts)|halogen_F(-47pts),4,0.000850032374728471,-0.0062369080260396,0.36057206988334656,0.018570005893707275,0.027336174622178078,0.05378404259681702,9.264252662658691,0.08588165283454179,0.3535497422328588,-0.10426075077697003,-0.0461399586081282
845,2,polarity|urea,polysemantic,0.49070318836962623,halogen_Cl(+67pts)|amide(-63pts),2,-0.0002773030719254166,0.006471014115959406,0.32031434774398804,-0.003421188797801733,-0.03954968601465225,0.04100816696882248,-1.6896305084228516,-0.23861193733861455,-0.7608000476047491,0.9760084085776171,-0.043111234702467874
365,2,drug_likeness|halogen,polysemantic,0.37000062394708927,ester(+67pts)|ether(+53pts),2,-0.10326293855905533,-0.005360901355743408,0.07801054418087006,-0.0005347427213564515,0.0010931629221886396,-0.021533090621232986,-0.2739708125591278,-1.8368857355013195,-0.11819494809954412,-0.5527300483055736,0.01629569416533221
266,2,size|molecular_weight,polysemantic,0.49575715979284957,benzene(-70pts)|amide(-60pts)|aromatic_N(-47pts),3,-0.022932019084692,-0.010331659577786922,-0.15794335305690765,-0.03966151922941208,0.024805063381791115,-0.03575326129794121,-19.860843658447266,-0.21811962952556954,-0.6712057045648119,0.12271517562900658,0.05657541599802477
777,1,boron,monosemantic,0.003899669308042678,aromatic_N(-67pts)|halogen_F(+63pts)|amide(-53pts),3,0.0021777707152068615,-4.3561489292187616e-05,0.015469672158360481,0.00014384611858986318,0.00011615206312853843,-0.0002391540474491194,0.07199524343013763,0.10802256794130094,0.12965835396831643,0.14058845714993853,0.2638039209307574
986,1,halogen,monosemantic,0.12769077182254945,halogen_F(+83pts),1,0.004428992513567209,0.0007717222324572504,0.023987723514437675,-3.2910331356106326e-05,0.0030245897360146046,-0.007938595488667488,-0.017478788271546364,1.4128299720065087,0.10421149490175237,0.5737847782109459,-0.10660236531752006
787,1,boron,monosemantic,0.00811131216072877,boron(+90pts)|boronic_acid_or_ester(+90pts),2,0.0009093733387999237,0.000489768513944,-0.008107003755867481,-0.00038731787935830653,0.0006195110036060214,0.0008874471532180905,-0.19359205663204193,0.060459058913326015,-0.11726616872763432,-0.4105004371177028,0.2970832423789022
983,1,flexibility,monosemantic,0.42465838896861546,aromatic_N(+43pts)|ester(+40pts),2,-0.018798142671585083,0.010870302096009254,-0.1664263904094696,-0.0020103459246456623,0.002363912295550108,-0.08855696022510529,-1.024719476699829,0.07766511701161796,0.34518480632883664,-0.1264373619821737,-0.0047626245161830815
992,1,halogen,monosemantic,0.20016222624321459,ester(+57pts),1,0.005977635271847248,0.004612889140844345,-0.25347989797592163,-0.012802304700016975,0.015827570110559464,0.02805820107460022,-6.398932456970215,-1.520662957123133,0.33354206961202804,-0.5263669256275836,0.11757286399664917
954,1,urea,monosemantic,0.09483995757159792,benzene(-53pts)|amide(-47pts),2,0.003048549871891737,-0.00431812833994627,-0.0046276007778942585,-0.006447297520935535,-0.00048247940139845014,0.03133666515350342,-3.215010166168213,-0.15275509734706058,-0.6609032582989798,1.2488314480477565,0.13402868131961126
952,1,aromaticity,monosemantic,0.29690522243713735,amide(-53pts)|aromatic_S(+47pts)|sulfone(+47pts),4,0.0011085433652624488,0.006357492413371801,0.1532982736825943,0.001696896506473422,0.0037057704757899046,0.010065324604511261,0.8474081754684448,0.01929310889582751,1.6177600881308483,-0.6238624622999059,-0.008716543016694814
804,1,urea,monosemantic,0.004523616397329506,aromatic_N(-53pts)|amine_secondary(-43pts)|halogen_Cl(-33pts),3,-0.0012298699002712965,3.1060750188771635e-05,-0.0010805756319314241,0.0003663112875074148,-0.00032406538957729936,0.0003580726042855531,0.18312537670135498,-0.11041213961442616,-0.08282049209089777,-0.9772889747083241,-0.0023875585901196672
918,1,boron,monosemantic,0.5090160354401947,ether(+47pts)|amide(-40pts)|nitrile(-37pts),3,-0.00657255481928587,0.007632836699485779,0.27379661798477173,0.0012826956808567047,-0.025263911113142967,-0.005591917783021927,0.6403564214706421,0.6825583152805342,0.6262836159082791,0.3884355664066529,0.16720152596374735
905,1,boron,monosemantic,0.010856679353590816,boron(+73pts)|boronic_acid_or_ester(+60pts)|amide(-50pts),3,-0.0011075364891439676,-0.0001664854644332081,-0.011973146349191666,-0.0008116485550999641,-4.8529116611462086e-05,-0.0006929690134711564,-0.40581217408180237,0.02673600377268324,-0.0839763868078116,0.028710194639939558,0.508205297079828
813,1,boron,monosemantic,0.4062207524801897,halogen_I(+100pts)|amide(-40pts),2,-0.0017424800898879766,-2.485415097908117e-05,-0.051109038293361664,0.005647520534694195,-0.0032614159863442183,-0.011854683980345726,2.8239104747772217,0.7271562020790716,0.5028822711016867,-0.3332712974477043,-0.2628801076571693
748,1,boron,monosemantic,0.312316715542522,aromatic_N(-77pts)|carboxylic_acid(+60pts)|amide(-43pts),5,0.010436402633786201,0.0025619263760745525,-0.050394900143146515,-0.000444524921476841,-0.0022392943501472473,0.006880695931613445,-0.22292642295360565,0.01876360212123939,0.4051723440033035,-0.5213679953907439,0.22563400640865963
874,1,urea,monosemantic,0.2862669245647969,amide(-70pts)|benzene(-47pts),2,-0.01330516953021288,-0.006838751491159201,-0.322635293006897,-0.007671247236430645,0.001605841564014554,-0.047614313662052155,-3.8361599445343018,-0.9614190975209247,0.11577157206578574,1.4332872452507373,0.010614117984761676
841,1,complexity_ringproxy,monosemantic,0.47039371061334,benzene(+53pts)|ester(+37pts),2,0.004982542712241411,-0.024139855057001114,-0.05169902369379997,-0.004935855977237225,-0.01762438751757145,-0.009504389017820358,-2.4705288410186768,-0.5137232933804652,0.053474429639703516,-0.03774397079947158,0.00564091655516281
1013,1,drug_likeness,monosemantic,0.07911649092156985,benzene(-60pts)|amide(-47pts),2,-0.0844496637582779,0.01263097207993269,0.3555949032306671,0.003247107844799757,-0.0005089985206723213,0.055847615003585815,1.634660005569458,0.08809841731748011,0.08506426556155808,-0.06071781426817487,-0.023553773419152605
3,1,lipophilicity,monosemantic,0.26146502776564545,benzene(-70pts)|amide(-53pts),2,0.03325793892145157,-0.012241479940712452,-0.5229314565658569,-0.009908003732562065,0.023018062114715576,-0.06830766052007675,-4.9593892097473145,-0.3749676312918787,0.06256325249342981,-0.6556205672632942,0.044866122804337036
27,1,boron,monosemantic,0.13807949085917515,,0,-0.0006149000255391002,-1.3986538760946132e-05,-0.0021934439428150654,-0.0012010770151391625,-0.0015143364435061812,-0.005597500596195459,-0.6002429723739624,-0.3668990570574523,-0.22877823957599414,0.06275034692722338,0.6383248858510996
35,1,polarity,monosemantic,0.21089411617894802,benzene(-60pts)|amide(-50pts)|halogen_Cl(+43pts),3,-0.04898067191243172,-0.01096926350146532,0.27584511041641235,0.011119818314909935,-0.03420690819621086,0.08228947967290878,5.537416934967041,0.0541001597865828,-0.32669685952346483,0.06474555270225468,0.01914392130153483
46,1,urea,monosemantic,0.08042677980907219,benzene(-57pts)|amide(-57pts)|aromatic_N(-43pts),3,-0.002955548232421279,-0.0009297646465711296,-0.031050454825162888,0.0037423172034323215,-0.0016103979432955384,0.0112412478774786,1.871641755104065,0.2988155092519468,0.18825711590585162,-0.934433885138121,0.05349314935363679
59,1,drug_likeness,monosemantic,0.32002246209521434,benzene(-70pts)|amide(-43pts)|halogen_F(-40pts),4,0.07964272052049637,-0.012678125873208046,0.06418989598751068,0.00293602398596704,-0.0009380316478200257,-0.04149308800697327,1.4228038787841797,-0.33624558277395744,-0.38546303458112974,-0.2638374268472887,0.005559289380871424
77,1,aromaticity,monosemantic,0.25375928121295316,halogen_Cl(-33pts),1,-0.017757898196578026,0.01131649874150753,0.07441283762454987,-0.0053791468963027,9.803911962080747e-05,-0.010574470274150372,-2.6909563541412354,-0.6047903230211219,2.9243589219819413,0.4395051382284046,-0.004712332459839304
147,1,boron,monosemantic,0.00786173332501404,amide(-57pts),1,6.6071834226022474e-06,-0.00012829946354031563,-0.00744119007140398,-0.00028452681726776063,-0.0001618677342776209,0.0011044639395549893,-0.1422804296016693,-0.24242579707390774,-0.0868712077475467,0.061822167951275285,0.15892410096581866
151,1,boron,monosemantic,0.022836463467897923,ester(+60pts)|ether(+53pts),2,-0.008969523012638092,-0.0006836766260676086,-0.16143512725830078,0.0023002817761152983,0.0015638649929314852,0.012005454860627651,1.1501023769378662,0.5006651810922096,0.017269915383647673,-0.6667468920064173,0.29779447225461625
155,1,urea,monosemantic,0.264709552629937,halogen_Cl(+63pts),1,0.007860502228140831,-0.0032221111468970776,-0.013780022971332073,0.007951876148581505,-0.0038246535696089268,-0.00837341882288456,3.976337432861328,0.8150548661161976,0.16107472169395845,-2.093722661608677,-0.04510607288378717
168,1,urea,monosemantic,0.39714232233106633,aromatic_N(+50pts)|ester(+40pts),2,0.027760421857237816,-0.011858014389872551,0.09440906345844269,-0.0064517902210354805,0.028198853135108948,-0.011347650550305843,-3.22503924369812,-1.2531562865023411,0.426940747295906,-1.0829425600918259,-0.024834637857547047
189,1,halogen,monosemantic,0.34201659699257503,benzene(-43pts)|amide(-40pts),2,-0.0038519389927387238,0.003909485414624214,0.25795978307724,0.0023704806808382273,0.014004483819007874,0.05004807561635971,1.1842405796051025,1.9421845823270147,0.3051256379505352,-0.7541103539651697,0.009836532368392246
213,1,complexity_ringproxy,monosemantic,0.20936544581019528,halogen_Br(+73pts),1,-0.03308725357055664,0.01800783909857273,0.3074570596218109,0.010130076669156551,-0.00367983290925622,0.02752038463950157,5.06638240814209,0.6900645858743912,0.735037628470337,-0.6323708255570984,0.052589378225624706
251,1,complexity_ringproxy,monosemantic,0.46312472702314844,aromatic_N(+40pts),1,0.04136543720960617,-0.02458767406642437,-0.2993788421154022,-0.015375984832644463,0.03196068853139877,0.008395979180932045,-7.6912689208984375,-1.1675201445993486,0.40119322015598147,0.7505057734205045,-0.036694543490611256
260,1,drug_likeness,monosemantic,0.10725650464840582,aromatic_N(-67pts)|amide(-57pts),2,-0.06643372774124146,-0.009236885234713554,-0.07823934406042099,0.011629793792963028,0.003823640989139676,0.030326295644044876,5.81981086730957,0.057041705375404886,-0.028266574432871904,0.03195719823122587,-0.000625538813391113
1004,1,aromaticity,monosemantic,0.22031571722717913,halogen_Cl(+70pts)|benzene(-70pts)|amide(-43pts),4,-0.02589447796344757,0.009044526144862175,-0.11634298413991928,-0.010609903372824192,0.001368063734844327,0.02210180088877678,-5.304111957550049,-0.10088318436475681,-1.0342581243029916,0.22938658011594013,-0.007383538152805569
381,1,boron,monosemantic,0.5813003057340738,alkyne(+47pts),1,0.0025539027992635965,0.0029843244701623917,0.029346788302063942,0.0005413454491645098,-0.00036768248537555337,0.010528485290706158,0.2704874873161316,-0.7095361976041137,0.08061146147810996,0.14660628101016066,0.28253103669323404
391,1,drug_likeness,monosemantic,0.19186372995569975,aromatic_N(-63pts)|amide(-37pts)|halogen_F(-33pts),4,-0.08341258019208908,-0.0052771978080272675,0.04051431268453598,0.005048702005296946,0.007174378726631403,-0.020914364606142044,2.502307176589966,-0.36980290173352887,-0.32131422586344466,-0.07473236157565427,0.025203780408244773
406,1,drug_likeness,monosemantic,0.03528420789917015,benzene(-63pts)|amide(-53pts)|aromatic_N(-43pts),3,-0.08167429268360138,-0.008164786733686924,-0.19984158873558044,-0.004437078721821308,0.0031490798573940992,0.03235553577542305,-2.2216973304748535,-0.12784882296561548,-0.12879134497709113,-0.027948145810414122,0.0439540790101385
410,1,polarity,monosemantic,0.04561053222686716,amide(-50pts)|benzene(-47pts)|aromatic_N(-43pts),3,0.03625715151429176,0.002099522389471531,-0.03301668539643288,0.005453723482787609,-0.037531785666942596,0.040247924625873566,2.7023301124572754,0.09860795425464237,-0.008790598991605005,-0.05766367403151061,0.022395905133716452
425,1,drug_likeness,monosemantic,0.0902227491108754,benzene(-73pts)|amide(-67pts)|aromatic_N(-67pts),3,-0.12789760529994965,0.001353399595245719,0.2976211607456207,-0.002613816410303116,-0.009141657501459122,-0.04221218824386597,-1.322877287864685,-0.2467208493008251,-0.31934047312510605,-0.13269516692763847,0.036743538750891945
448,1,halogen,monosemantic,0.21984775691021402,halogen_Cl(+97pts),1,-0.01838844083249569,0.0007591173052787781,0.026877369731664658,0.0017961999401450157,0.001638792222365737,0.018161069601774216,0.8979271054267883,1.6904958677814002,0.32679831888962874,-0.5018404143753586,0.0028310186122164583
483,1,halogen,monosemantic,0.26439757908529354,halogen_F(+83pts),1,0.007687177509069443,-0.001407127478159964,0.04491889476776123,-0.0006531074177473783,-0.0028338234405964613,0.000910482369363308,-0.32652702927589417,3.152042271932389,0.24841768273986314,-0.7430783555237788,-0.044929298620086634
489,1,boron,monosemantic,0.021307793099145194,boron(+40pts)|boronic_acid_or_ester(+40pts),2,0.001318041468039155,-0.00011022012040484697,-0.0038072485476732254,-1.8951626771013252e-05,5.662674811901525e-05,-0.0012184570077806711,-0.009499171748757362,0.036538670845191155,0.10044502787481795,0.012397260548091076,0.34184044242842826
496,1,boron,monosemantic,0.025706620078617334,,0,-0.0004316502599976957,4.515922046266496e-05,0.0007676287204958498,-0.0021103201434016228,0.001223882776685059,-0.0018672940786927938,-1.0553386211395264,-0.4296900925594411,0.21676794865510454,-0.41237517282279584,-0.4170933555971058
503,1,drug_likeness,monosemantic,0.1327135458913084,amide(-67pts)|aromatic_N(-57pts),2,0.07544304430484772,0.005729770287871361,-0.2654222846031189,0.014230919070541859,0.015973994508385658,-0.04213624820113182,7.11582088470459,0.2874523971728043,0.24358799273280546,-0.3772454639397513,-0.041584262256238576
541,1,boron,monosemantic,0.056654395707244024,amide(-60pts)|benzene(-43pts),2,0.0065993270836770535,-0.0024613128043711185,-0.023974381387233734,-0.004069761838763952,-0.001082210335880518,0.006275604013353586,-2.038032293319702,-0.44723523318341024,0.06013182187936046,-0.8985768815182247,0.17763281593818023
547,1,boron,monosemantic,0.0017470518500031197,boron(+43pts)|boronic_acid_or_ester(+40pts),2,0.00015332101611420512,-0.0001305993355344981,-0.0066147176548838615,-8.898381929611787e-05,-0.00048736963071860373,-0.001134280813857913,-0.04445372894406319,-0.20746208764925161,-0.05347232123463245,-0.018549849662512365,0.15870752296503102
637,1,boron,monosemantic,0.11237287078055781,benzene(-67pts)|aromatic_N(+40pts)|ether(-40pts),3,-0.011061039753258228,6.359331018757075e-05,-0.03164995461702347,0.000588719267398119,-0.0023464506957679987,0.0004541960952337831,0.2937641143798828,-0.17566119012064757,-0.1255471033340648,-0.5337899826711576,0.23591992331599165
719,1,halogen,monosemantic,0.39430336307481123,ester(+57pts)|ether(+53pts)|benzene(+43pts),3,-0.0005738076870329678,-0.010894754901528358,0.29466816782951355,0.006317772902548313,0.005139682907611132,0.04728825390338898,3.165778636932373,-3.058393970159768,-0.4293820183017905,-0.6602835348624028,0.08858824972484389
721,1,boron,monosemantic,0.012104573532164473,benzene(-70pts)|amide(-70pts),2,0.008712018840014935,-0.0005856030620634556,-0.006363177206367254,-0.0001707565097603947,-0.00022571599401999265,-0.000922112085390836,-0.08494047820568085,-0.1960165699423994,-0.4228611567392794,0.2096397538655823,0.17738869878783614
321,1,aromaticity,monosemantic,0.1592000998315343,amide(-73pts)|benzene(-60pts)|aromatic_N(-57pts),5,-0.007318461779505014,-0.004281557630747557,0.0889526829123497,-0.000534642837010324,-0.010467184707522392,-0.029261166229844093,-0.2641342282295227,-0.2783804104474212,-0.8099450313064667,0.5692823198506781,-0.11502934561898721
