representation,target,task,metric,seed,trained,random_label,descriptor,descriptor_noleak,baseline_leaky,gap_vs_descriptor,gap_vs_descriptor_noleak,chance,prevalence,rdkit_version
raw,drug_likeness,regression,R2,0,0.5736902655188502,-0.003013243246003716,0.5878428103212221,0.5878428103212221,False,-0.014152544802371936,-0.014152544802371936,0.0,,2023.09.5
latent,drug_likeness,regression,R2,0,0.5847187640254605,-0.06251636475688294,0.5878428103212221,0.5878428103212221,False,-0.0031240462957615733,-0.0031240462957615733,0.0,,2023.09.5
reconstruction,drug_likeness,regression,R2,0,0.5185198433684518,-0.006470848796539697,0.5878428103212221,0.5878428103212221,False,-0.06932296695277029,-0.06932296695277029,0.0,,2023.09.5
raw,complexity_ringproxy,regression,R2,0,0.9546184506665134,-0.008573270173761971,0.9991189589057164,0.9115266508575927,True,-0.04450050823920304,0.04309179980892075,0.0,,2023.09.5
latent,complexity_ringproxy,regression,R2,0,0.9422860066841783,-0.05150110698101362,0.9991189589057164,0.9115266508575927,True,-0.05683295222153817,0.03075935582658562,0.0,,2023.09.5
reconstruction,complexity_ringproxy,regression,R2,0,0.9406114060206607,-0.00992456529826069,0.9991189589057164,0.9115266508575927,True,-0.058507552885055714,0.029084755163068077,0.0,,2023.09.5
raw,lipophilicity,regression,R2,0,0.8880930436089731,-0.006031927906103851,0.9581236931964252,0.9581236931964252,False,-0.07003064958745209,-0.07003064958745209,0.0,,2023.09.5
latent,lipophilicity,regression,R2,0,0.8315894652372644,-0.058005953024676815,0.9581236931964252,0.9581236931964252,False,-0.1265342279591608,-0.1265342279591608,0.0,,2023.09.5
reconstruction,lipophilicity,regression,R2,0,0.8287905633260217,-0.0025462180282134206,0.9581236931964252,0.9581236931964252,False,-0.12933312987040346,-0.12933312987040346,0.0,,2023.09.5
raw,size,regression,R2,0,0.9952866529487772,-0.00598970237677432,0.9775446520447746,0.9775446520447746,False,0.017742000904002575,0.017742000904002575,0.0,,2023.09.5
latent,size,regression,R2,0,0.9803568210963605,-0.06919792031734717,0.9775446520447746,0.9775446520447746,False,0.0028121690515858777,0.0028121690515858777,0.0,,2023.09.5
reconstruction,size,regression,R2,0,0.9795337740445365,-0.017366126169954255,0.9775446520447746,0.9775446520447746,False,0.001989121999761867,0.001989121999761867,0.0,,2023.09.5
raw,polarity,regression,R2,0,0.9932267713349964,-0.00676353747877978,0.9854793001237131,0.9854793001237131,False,0.007747471211283274,0.007747471211283274,0.0,,2023.09.5
latent,polarity,regression,R2,0,0.9730059701312695,-0.06802424327133672,0.9854793001237131,0.9854793001237131,False,-0.01247332999244355,-0.01247332999244355,0.0,,2023.09.5
reconstruction,polarity,regression,R2,0,0.9677195266350147,-0.011484338592785193,0.9854793001237131,0.9854793001237131,False,-0.017759773488698394,-0.017759773488698394,0.0,,2023.09.5
raw,flexibility,regression,R2,0,0.6861758828263567,-0.01017670005624538,0.9999999793465941,0.8955687381933093,True,-0.31382409652023746,-0.20939285536695262,0.0,,2023.09.5
latent,flexibility,regression,R2,0,0.5809070947004491,-0.06394271536052276,0.9999999793465941,0.8955687381933093,True,-0.419092884646145,-0.3146616434928602,0.0,,2023.09.5
reconstruction,flexibility,regression,R2,0,0.5664006664648942,-0.005726462815403455,0.9999999793465941,0.8955687381933093,True,-0.43359931288169995,-0.3291680717284151,0.0,,2023.09.5
raw,molecular_weight,regression,R2,0,0.9952690396587162,-0.006413419588053859,0.977544661374236,0.977544661374236,False,0.017724378284480147,0.017724378284480147,0.0,,2023.09.5
latent,molecular_weight,regression,R2,0,0.9803607130167582,-0.054617004186171325,0.977544661374236,0.977544661374236,False,0.002816051642522188,0.002816051642522188,0.0,,2023.09.5
reconstruction,molecular_weight,regression,R2,0,0.9795228364081738,-0.013110950402675403,0.977544661374236,0.977544661374236,False,0.0019781750339378235,0.0019781750339378235,0.0,,2023.09.5
raw,halogen,classification,AUROC,0,0.999843066335821,0.5065240960146156,0.999998442345765,0.9998921324442243,True,-0.00015537600994397494,-4.906610840327286e-05,0.5,0.49931365820178447,2023.09.5
latent,halogen,classification,AUROC,0,0.9985996688427097,0.48875581485003466,0.999998442345765,0.9998921324442243,True,-0.001398773503055284,-0.0012924636015145818,0.5,0.49931365820178447,2023.09.5
reconstruction,halogen,classification,AUROC,0,0.9996662725801453,0.508193088816681,0.999998442345765,0.9998921324442243,True,-0.00033216976561967204,-0.00022585986407896996,0.5,0.49931365820178447,2023.09.5
raw,aromaticity,classification,AUROC,0,1.0,0.49298591232018496,0.9999966858006443,0.9999933716012885,True,3.3141993557306293e-06,6.628398711461259e-06,0.5,0.9061271604167966,2023.09.5
latent,aromaticity,classification,AUROC,0,0.9972679949977685,0.49622597359184356,0.9999966858006443,0.9999933716012885,True,-0.002728690802875744,-0.0027253766035200133,0.5,0.9061271604167966,2023.09.5
reconstruction,aromaticity,classification,AUROC,0,1.0,0.48837644218610865,0.9999966858006443,0.9999933716012885,True,3.3141993557306293e-06,6.628398711461259e-06,0.5,0.9061271604167966,2023.09.5
raw,urea,classification,AUROC,0,0.9125887250887251,0.5255786625857404,0.9997781872781872,0.9997781872781872,False,-0.08718946218946211,-0.08718946218946211,0.5,0.009546390466088475,2023.09.5
latent,urea,classification,AUROC,0,0.8576047638547639,0.5003821315296726,0.9997781872781872,0.9997781872781872,False,-0.14217342342342332,-0.14217342342342332,0.5,0.009546390466088475,2023.09.5
reconstruction,urea,classification,AUROC,0,0.8457719082719084,0.4026147758442376,0.9997781872781872,0.9997781872781872,False,-0.15400627900627883,-0.15400627900627883,0.5,0.009546390466088475,2023.09.5
raw,boron,classification,AUROC,0,1.0,0.3887010954616588,1.0,1.0,True,0.0,0.0,0.5,0.002870156610719411,2023.09.5
latent,boron,classification,AUROC,0,0.9999759012916908,0.5287164511194549,1.0,1.0,True,-2.409870830921701e-05,-2.409870830921701e-05,0.5,0.002870156610719411,2023.09.5
reconstruction,boron,classification,AUROC,0,1.0,0.47970626743325556,1.0,1.0,True,0.0,0.0,0.5,0.002870156610719411,2023.09.5
raw,drug_likeness,regression,R2,1,0.5664436442895634,-0.006557321699038887,0.6131901432499829,0.6131901432499829,False,-0.04674649896041949,-0.04674649896041949,0.0,,2023.09.5
latent,drug_likeness,regression,R2,1,0.6248218414420426,-0.061180010399739526,0.6131901432499829,0.6131901432499829,False,0.01163169819205967,0.01163169819205967,0.0,,2023.09.5
reconstruction,drug_likeness,regression,R2,1,0.5412837373610988,-0.010387394251140325,0.6131901432499829,0.6131901432499829,False,-0.07190640588888408,-0.07190640588888408,0.0,,2023.09.5
raw,complexity_ringproxy,regression,R2,1,0.9478631011403803,-0.007650359678459617,0.9988807572222487,0.9141613466587235,True,-0.05101765608186837,0.0337017544816568,0.0,,2023.09.5
latent,complexity_ringproxy,regression,R2,1,0.936083848456214,-0.0637546837454479,0.9988807572222487,0.9141613466587235,True,-0.06279690876603472,0.021922501797490446,0.0,,2023.09.5
reconstruction,complexity_ringproxy,regression,R2,1,0.9327415069809801,-0.013133973677439403,0.9988807572222487,0.9141613466587235,True,-0.06613925024126854,0.018580160322256623,0.0,,2023.09.5
raw,lipophilicity,regression,R2,1,0.8895734896732206,-0.007447365916722903,0.9586956188494804,0.9586956188494804,False,-0.06912212917625982,-0.06912212917625982,0.0,,2023.09.5
latent,lipophilicity,regression,R2,1,0.835343163228506,-0.04741687265450789,0.9586956188494804,0.9586956188494804,False,-0.12335245562097441,-0.12335245562097441,0.0,,2023.09.5
reconstruction,lipophilicity,regression,R2,1,0.8307403847791996,-0.008427002077442625,0.9586956188494804,0.9586956188494804,False,-0.12795523407028075,-0.12795523407028075,0.0,,2023.09.5
raw,size,regression,R2,1,0.9970033368498296,-0.012623357541444058,0.9784667089544226,0.9784667089544226,False,0.018536627895407,0.018536627895407,0.0,,2023.09.5
latent,size,regression,R2,1,0.9876030163393147,-0.04705322055548811,0.9784667089544226,0.9784667089544226,False,0.009136307384892128,0.009136307384892128,0.0,,2023.09.5
reconstruction,size,regression,R2,1,0.9810604999580763,-0.007619568791313869,0.9784667089544226,0.9784667089544226,False,0.002593791003653756,0.002593791003653756,0.0,,2023.09.5
raw,polarity,regression,R2,1,0.9929174827701206,-0.008879032303205525,0.9856467755097209,0.9856467755097209,False,0.007270707260399689,0.007270707260399689,0.0,,2023.09.5
latent,polarity,regression,R2,1,0.9737144986146616,-0.06376918339255777,0.9856467755097209,0.9856467755097209,False,-0.011932276895059268,-0.011932276895059268,0.0,,2023.09.5
reconstruction,polarity,regression,R2,1,0.9698368620812787,-0.011086254680584995,0.9856467755097209,0.9856467755097209,False,-0.01580991342844218,-0.01580991342844218,0.0,,2023.09.5
raw,flexibility,regression,R2,1,0.690491377792244,-0.003966503612459649,0.9999999830710584,0.8937892326284874,True,-0.3095086052788144,-0.2032978548362434,0.0,,2023.09.5
latent,flexibility,regression,R2,1,0.595021644962302,-0.058458369976321034,0.9999999830710584,0.8937892326284874,True,-0.4049783381087564,-0.2987675876661854,0.0,,2023.09.5
reconstruction,flexibility,regression,R2,1,0.5783433021848736,-0.007930882013688523,0.9999999830710584,0.8937892326284874,True,-0.4216566808861848,-0.3154459304436138,0.0,,2023.09.5
raw,molecular_weight,regression,R2,1,0.9970135937013681,-0.00945426504567215,0.9784667326501083,0.9784667326501083,False,0.0185468610512598,0.0185468610512598,0.0,,2023.09.5
latent,molecular_weight,regression,R2,1,0.9876041495403037,-0.06681892714949567,0.9784667326501083,0.9784667326501083,False,0.009137416890195427,0.009137416890195427,0.0,,2023.09.5
reconstruction,molecular_weight,regression,R2,1,0.981063380775271,-0.012587627581746696,0.9784667326501083,0.9784667326501083,False,0.0025966481251626927,0.0025966481251626927,0.0,,2023.09.5
raw,halogen,classification,AUROC,1,1.0,0.5142158076821828,1.0,0.9999482070285789,True,0.0,5.179297142110517e-05,0.5,0.49931365820178447,2023.09.5
latent,halogen,classification,AUROC,1,0.9998808372236475,0.4871840904984142,1.0,0.9999482070285789,True,-0.00011916277635248829,-6.736980493138311e-05,0.5,0.49931365820178447,2023.09.5
reconstruction,halogen,classification,AUROC,1,0.9998352749856303,0.5004443405962187,1.0,0.9999482070285789,True,-0.00016472501436970433,-0.00011293204294859915,0.5,0.49931365820178447,2023.09.5
raw,aromaticity,classification,AUROC,1,0.9999425089111188,0.49653120246075666,0.9999492725686342,0.9998624722971861,True,-6.763657515396204e-06,8.003661393274353e-05,0.5,0.9061271604167966,2023.09.5
latent,aromaticity,classification,AUROC,1,0.9963335339885062,0.49331745717645514,0.9999492725686342,0.9998624722971861,True,-0.0036157385801279807,-0.003528938308679841,0.5,0.9061271604167966,2023.09.5
reconstruction,aromaticity,classification,AUROC,1,0.9993044705521624,0.5166441476175461,0.9999492725686342,0.9998624722971861,True,-0.0006448020164717683,-0.0005580017450236285,0.5,0.9061271604167966,2023.09.5
raw,urea,classification,AUROC,1,0.9456650615820166,0.5489765636116023,0.9998790137198442,0.9998790137198442,False,-0.05421395213782765,-0.05421395213782765,0.5,0.009546390466088475,2023.09.5
latent,urea,classification,AUROC,1,0.9149950395625137,0.4891236028748668,0.9998790137198442,0.9998790137198442,False,-0.08488397415733051,-0.08488397415733051,0.5,0.009546390466088475,2023.09.5
reconstruction,urea,classification,AUROC,1,0.8902291480146152,0.5725334888316569,0.9998790137198442,0.9998790137198442,False,-0.10964986570522905,-0.10964986570522905,0.5,0.009546390466088475,2023.09.5
raw,boron,classification,AUROC,1,1.0,0.42758338153075,1.0,0.9999430750839643,True,0.0,5.6924916035705486e-05,0.5,0.002870156610719411,2023.09.5
latent,boron,classification,AUROC,1,0.9999715375419821,0.31135531135531136,1.0,0.9999430750839643,True,-2.8462458017908254e-05,2.8462458017797232e-05,0.5,0.002870156610719411,2023.09.5
reconstruction,boron,classification,AUROC,1,0.9996869129618033,0.6011886143259305,1.0,0.9999430750839643,True,-0.00031308703819665773,-0.00025616212216095224,0.5,0.002870156610719411,2023.09.5
raw,drug_likeness,regression,R2,2,0.5936345624455743,-0.005801813754057195,0.634303705387571,0.634303705387571,False,-0.04066914294199664,-0.04066914294199664,0.0,,2023.09.5
latent,drug_likeness,regression,R2,2,0.6345174721531456,-0.032296475122060686,0.634303705387571,0.634303705387571,False,0.00021376676557460783,0.00021376676557460783,0.0,,2023.09.5
reconstruction,drug_likeness,regression,R2,2,0.5512468167150775,-0.008143827518624747,0.634303705387571,0.634303705387571,False,-0.0830568886724935,-0.0830568886724935,0.0,,2023.09.5
raw,complexity_ringproxy,regression,R2,2,0.9453761299708276,-0.008508976583442962,0.9975830266834177,0.9163102399450371,True,-0.052206896712590045,0.02906589002579052,0.0,,2023.09.5
latent,complexity_ringproxy,regression,R2,2,0.930623686357936,-0.062326667299654526,0.9975830266834177,0.9163102399450371,True,-0.06695934032548168,0.01431344641289889,0.0,,2023.09.5
reconstruction,complexity_ringproxy,regression,R2,2,0.9286720622743663,-0.001697279609024438,0.9975830266834177,0.9163102399450371,True,-0.06891096440905142,0.012361822329329142,0.0,,2023.09.5
raw,lipophilicity,regression,R2,2,0.8882056063033796,-0.009551269947524421,0.9607132452378155,0.9607132452378155,False,-0.0725076389344359,-0.0725076389344359,0.0,,2023.09.5
latent,lipophilicity,regression,R2,2,0.837919976060538,-0.12482268186033707,0.9607132452378155,0.9607132452378155,False,-0.12279326917727751,-0.12279326917727751,0.0,,2023.09.5
reconstruction,lipophilicity,regression,R2,2,0.8269909004684395,-0.006785952968289877,0.9607132452378155,0.9607132452378155,False,-0.13372234476937606,-0.13372234476937606,0.0,,2023.09.5
raw,size,regression,R2,2,0.995135553783871,-0.009653540280649464,0.979137251695328,0.979137251695328,False,0.015998302088543026,0.015998302088543026,0.0,,2023.09.5
latent,size,regression,R2,2,0.981646903556032,-0.03979560764373935,0.979137251695328,0.979137251695328,False,0.002509651860704065,0.002509651860704065,0.0,,2023.09.5
reconstruction,size,regression,R2,2,0.9803372661318684,-0.011486405360184637,0.979137251695328,0.979137251695328,False,0.0012000144365404974,0.0012000144365404974,0.0,,2023.09.5
raw,polarity,regression,R2,2,0.9933774514031788,-0.007458035185190726,0.9862669116593028,0.9862669116593028,False,0.007110539743875988,0.007110539743875988,0.0,,2023.09.5
latent,polarity,regression,R2,2,0.9722901260370482,-0.07557444447933181,0.9862669116593028,0.9862669116593028,False,-0.013976785622254573,-0.013976785622254573,0.0,,2023.09.5
reconstruction,polarity,regression,R2,2,0.9667832980066302,-0.006031724921110371,0.9862669116593028,0.9862669116593028,False,-0.019483613652672593,-0.019483613652672593,0.0,,2023.09.5
raw,flexibility,regression,R2,2,0.6918539184307011,-0.006849210171000264,0.9999999829641733,0.8933820804311908,True,-0.30814606453347215,-0.20152816200048973,0.0,,2023.09.5
latent,flexibility,regression,R2,2,0.5760554528963664,-0.12009599998517473,0.9999999829641733,0.8933820804311908,True,-0.42394453006780686,-0.31732662753482443,0.0,,2023.09.5
reconstruction,flexibility,regression,R2,2,0.578660841214818,-0.00857511826244739,0.9999999829641733,0.8933820804311908,True,-0.4213391417493553,-0.31472123921637285,0.0,,2023.09.5
raw,molecular_weight,regression,R2,2,0.9951550722844886,-0.005260530920478068,0.9791373956611433,0.9791373956611433,False,0.0160176766233453,0.0160176766233453,0.0,,2023.09.5
latent,molecular_weight,regression,R2,2,0.981651299792854,-0.0453850121547974,0.9791373956611433,0.9791373956611433,False,0.002513904131710709,0.002513904131710709,0.0,,2023.09.5
reconstruction,molecular_weight,regression,R2,2,0.9803326235347045,-0.008052690119138228,0.9791373956611433,0.9791373956611433,False,0.0011952278735611888,0.0011952278735611888,0.0,,2023.09.5
raw,halogen,classification,AUROC,2,0.999845794032229,0.5219922839289586,1.0,0.9999466509656955,True,-0.00015420596777104834,-0.00010085693346650881,0.5,0.49931365820178447,2023.09.5
latent,halogen,classification,AUROC,2,0.9996830210662485,0.49642982882495534,1.0,0.9999466509656955,True,-0.00031697893375148833,-0.0002636298994469488,0.5,0.49931365820178447,2023.09.5
reconstruction,halogen,classification,AUROC,2,0.9994579426587445,0.49961452323657046,1.0,0.9999466509656955,True,-0.000542057341255453,-0.0004887083069509135,0.5,0.49931365820178447,2023.09.5
raw,aromaticity,classification,AUROC,2,0.9996643090749555,0.5049127481782951,1.0,1.0,True,-0.00033569092504448506,-0.00033569092504448506,0.5,0.9061271604167966,2023.09.5
latent,aromaticity,classification,AUROC,2,1.0,0.49008584790825804,1.0,1.0,True,0.0,0.0,0.5,0.9061271604167966,2023.09.5
reconstruction,aromaticity,classification,AUROC,2,0.9998748083348843,0.5199499389499389,1.0,1.0,True,-0.00012519166511570923,-0.00012519166511570923,0.5,0.9061271604167966,2023.09.5
raw,urea,classification,AUROC,2,0.9486103899652939,0.5304640701116472,0.9965977099445249,0.9965977099445249,False,-0.047987319979231,-0.047987319979231,0.5,0.009546390466088475,2023.09.5
latent,urea,classification,AUROC,2,0.9238925477550352,0.6051854719674788,0.9965977099445249,0.9965977099445249,False,-0.07270516218948975,-0.07270516218948975,0.5,0.009546390466088475,2023.09.5
reconstruction,urea,classification,AUROC,2,0.9250949635176127,0.6295556920556921,0.9965977099445249,0.9965977099445249,False,-0.07150274642691223,-0.07150274642691223,0.5,0.009546390466088475,2023.09.5
raw,boron,classification,AUROC,2,0.9999374999999999,0.639271311361424,1.0,1.0,True,-6.250000000007638e-05,-6.250000000007638e-05,0.5,0.002870156610719411,2023.09.5
latent,boron,classification,AUROC,2,0.99975,0.4490682797941872,1.0,1.0,True,-0.00024999999999997247,-0.00024999999999997247,0.5,0.002870156610719411,2023.09.5
reconstruction,boron,classification,AUROC,2,0.9966875,0.40203698740284105,1.0,1.0,True,-0.0033125000000000515,-0.0033125000000000515,0.5,0.002870156610719411,2023.09.5
raw,drug_likeness,regression,R2,3,0.593971992353074,-0.0068295057292266925,0.6263550565779251,0.6263550565779251,False,-0.032383064224851155,-0.032383064224851155,0.0,,2023.09.5
latent,drug_likeness,regression,R2,3,0.6163037072995752,-0.08778710580343319,0.6263550565779251,0.6263550565779251,False,-0.010051349278349941,-0.010051349278349941,0.0,,2023.09.5
reconstruction,drug_likeness,regression,R2,3,0.5473903592317603,-0.009673594290772858,0.6263550565779251,0.6263550565779251,False,-0.07896469734616485,-0.07896469734616485,0.0,,2023.09.5
raw,complexity_ringproxy,regression,R2,3,0.9436444434402049,-0.0038793187504764237,0.9968064514196503,0.912718087514776,True,-0.05316200797944537,0.030926355925428917,0.0,,2023.09.5
latent,complexity_ringproxy,regression,R2,3,0.932520318477193,-0.055954305107876134,0.9968064514196503,0.912718087514776,True,-0.06428613294245733,0.019802230962416956,0.0,,2023.09.5
reconstruction,complexity_ringproxy,regression,R2,3,0.9260681359420345,-0.018189117149746137,0.9968064514196503,0.912718087514776,True,-0.07073831547761578,0.01335004842725851,0.0,,2023.09.5
raw,lipophilicity,regression,R2,3,0.8838393295228011,-0.010272048627456343,0.9588493557310857,0.9588493557310857,False,-0.07501002620828456,-0.07501002620828456,0.0,,2023.09.5
latent,lipophilicity,regression,R2,3,0.8192823328879237,-0.04956768734394901,0.9588493557310857,0.9588493557310857,False,-0.13956702284316191,-0.13956702284316191,0.0,,2023.09.5
reconstruction,lipophilicity,regression,R2,3,0.8198137129135009,-0.010273119491440719,0.9588493557310857,0.9588493557310857,False,-0.13903564281758474,-0.13903564281758474,0.0,,2023.09.5
raw,size,regression,R2,3,0.9973796959379063,-0.008526928262475142,0.9832482118511946,0.9832482118511946,False,0.01413148408671172,0.01413148408671172,0.0,,2023.09.5
latent,size,regression,R2,3,0.9881214161030853,-0.06079077801678978,0.9832482118511946,0.9832482118511946,False,0.00487320425189075,0.00487320425189075,0.0,,2023.09.5
reconstruction,size,regression,R2,3,0.9844195249181749,-0.014181531809090764,0.9832482118511946,0.9832482118511946,False,0.0011713130669802618,0.0011713130669802618,0.0,,2023.09.5
raw,polarity,regression,R2,3,0.9927736864067994,-0.007261204030973412,0.9853240689027153,0.9853240689027153,False,0.007449617504084127,0.007449617504084127,0.0,,2023.09.5
latent,polarity,regression,R2,3,0.9730238661443744,-0.05540111044160634,0.9853240689027153,0.9853240689027153,False,-0.012300202758340872,-0.012300202758340872,0.0,,2023.09.5
reconstruction,polarity,regression,R2,3,0.9652264865531036,-0.009513313214756014,0.9853240689027153,0.9853240689027153,False,-0.020097582349611676,-0.020097582349611676,0.0,,2023.09.5
raw,flexibility,regression,R2,3,0.7099790739030176,-0.011824949065591062,0.9999999844192593,0.902496404545586,True,-0.2900209105162417,-0.19251733064256837,0.0,,2023.09.5
latent,flexibility,regression,R2,3,0.6127475043841717,-0.06165299794148549,0.9999999844192593,0.902496404545586,True,-0.3872524800350876,-0.2897489001614143,0.0,,2023.09.5
reconstruction,flexibility,regression,R2,3,0.5935561419061387,-0.014237086949282718,0.9999999844192593,0.902496404545586,True,-0.4064438425131206,-0.3089402626394473,0.0,,2023.09.5
raw,molecular_weight,regression,R2,3,0.9973799184167921,-0.0015932590009775094,0.9832481857474387,0.9832481857474387,False,0.014131732669353414,0.014131732669353414,0.0,,2023.09.5
latent,molecular_weight,regression,R2,3,0.9881227812128545,-0.06621224003342951,0.9832481857474387,0.9832481857474387,False,0.004874595465415799,0.004874595465415799,0.0,,2023.09.5
reconstruction,molecular_weight,regression,R2,3,0.9844168899586707,-0.00960977959654663,0.9832481857474387,0.9832481857474387,False,0.0011687042112320523,0.0011687042112320523,0.0,,2023.09.5
raw,halogen,classification,AUROC,3,1.0,0.4948673494104462,1.0,0.9999528437186275,True,0.0,4.715628137252903e-05,0.5,0.49931365820178447,2023.09.5
latent,halogen,classification,AUROC,3,0.9994746556422296,0.5053585395418696,1.0,0.9999528437186275,True,-0.0005253443577704076,-0.0004781880763978785,0.5,0.49931365820178447,2023.09.5
reconstruction,halogen,classification,AUROC,3,0.9999403726359504,0.48382024502552384,1.0,0.9999528437186275,True,-5.9627364049630316e-05,-1.2471082677101286e-05,0.5,0.49931365820178447,2023.09.5
raw,aromaticity,classification,AUROC,3,0.9996868287167892,0.4865761285136363,1.0,0.9999988694177502,True,-0.00031317128321084464,-0.0003120407009610249,0.5,0.9061271604167966,2023.09.5
latent,aromaticity,classification,AUROC,3,0.9997535330695307,0.5071463966916805,1.0,0.9999988694177502,True,-0.00024646693046925794,-0.00024533634821943817,0.5,0.9061271604167966,2023.09.5
reconstruction,aromaticity,classification,AUROC,3,0.9996461277557942,0.4899147652072635,1.0,0.9999988694177502,True,-0.00035387224420579955,-0.0003527416619559798,0.5,0.9061271604167966,2023.09.5
raw,urea,classification,AUROC,3,0.9098543099959532,0.5312668113603056,0.9999775169746842,0.9999775169746842,False,-0.090123206978731,-0.090123206978731,0.5,0.009546390466088475,2023.09.5
latent,urea,classification,AUROC,3,0.911832816223751,0.5518664752333093,0.9999775169746842,0.9999775169746842,False,-0.08814470075093317,-0.08814470075093317,0.5,0.009546390466088475,2023.09.5
reconstruction,urea,classification,AUROC,3,0.8647196366743108,0.5501013915110832,0.9999775169746842,0.9999775169746842,False,-0.13525788030037333,-0.13525788030037333,0.5,0.009546390466088475,2023.09.5
raw,boron,classification,AUROC,3,1.0,0.3949778291883555,1.0,1.0,True,0.0,0.0,0.5,0.002870156610719411,2023.09.5
latent,boron,classification,AUROC,3,0.9977664611810952,0.6543375323863129,1.0,1.0,True,-0.0022335388189047567,-0.0022335388189047567,0.5,0.002870156610719411,2023.09.5
reconstruction,boron,classification,AUROC,3,1.0,0.5010429703796412,1.0,1.0,True,0.0,0.0,0.5,0.002870156610719411,2023.09.5
raw,drug_likeness,regression,R2,4,0.6021029962291993,-0.010592346671033814,0.597051317950369,0.597051317950369,False,0.0050516782788302406,0.0050516782788302406,0.0,,2023.09.5
latent,drug_likeness,regression,R2,4,0.6358728369493634,-0.03973316321133913,0.597051317950369,0.597051317950369,False,0.03882151899899433,0.03882151899899433,0.0,,2023.09.5
reconstruction,drug_likeness,regression,R2,4,0.5711311812835749,-0.007241054477931552,0.597051317950369,0.597051317950369,False,-0.025920136666794158,-0.025920136666794158,0.0,,2023.09.5
raw,complexity_ringproxy,regression,R2,4,0.9511274990200762,-0.009025248472207759,0.9988334801263826,0.9079357617580158,True,-0.047705981106306417,0.04319173726206038,0.0,,2023.09.5
latent,complexity_ringproxy,regression,R2,4,0.9385569652212701,-0.036429410070282886,0.9988334801263826,0.9079357617580158,True,-0.060276514905112544,0.030621203463254254,0.0,,2023.09.5
reconstruction,complexity_ringproxy,regression,R2,4,0.9360768073826387,-0.012216798861538702,0.9988334801263826,0.9079357617580158,True,-0.06275667274374397,0.02814104562462283,0.0,,2023.09.5
raw,lipophilicity,regression,R2,4,0.8787905179772575,0.00021839844085291826,0.958219087206656,0.958219087206656,False,-0.07942856922939856,-0.07942856922939856,0.0,,2023.09.5
latent,lipophilicity,regression,R2,4,0.8304114470336306,-0.056997142709867,0.958219087206656,0.958219087206656,False,-0.12780764017302548,-0.12780764017302548,0.0,,2023.09.5
reconstruction,lipophilicity,regression,R2,4,0.8172425912140868,-0.009744962434250715,0.958219087206656,0.958219087206656,False,-0.14097649599256923,-0.14097649599256923,0.0,,2023.09.5
raw,size,regression,R2,4,0.9975564068864079,-0.005011480244102806,0.9818751232082341,0.9818751232082341,False,0.015681283678173785,0.015681283678173785,0.0,,2023.09.5
latent,size,regression,R2,4,0.9891956488425959,-0.0477906472187426,0.9818751232082341,0.9818751232082341,False,0.0073205256343618075,0.0073205256343618075,0.0,,2023.09.5
reconstruction,size,regression,R2,4,0.9849809978239232,-0.004442207273416265,0.9818751232082341,0.9818751232082341,False,0.0031058746156891193,0.0031058746156891193,0.0,,2023.09.5
raw,polarity,regression,R2,4,0.9930516602519889,-0.004366736177730868,0.9848273518206546,0.9848273518206546,False,0.00822430843133426,0.00822430843133426,0.0,,2023.09.5
latent,polarity,regression,R2,4,0.9733832258375928,-0.045002852755716916,0.9848273518206546,0.9848273518206546,False,-0.01144412598306177,-0.01144412598306177,0.0,,2023.09.5
reconstruction,polarity,regression,R2,4,0.9682798716701052,-0.006373868887050271,0.9848273518206546,0.9848273518206546,False,-0.01654748015054941,-0.01654748015054941,0.0,,2023.09.5
raw,flexibility,regression,R2,4,0.6934600614718954,-0.005962304733743817,0.9999999833237688,0.8974752467369717,True,-0.3065399218518734,-0.20401518526507623,0.0,,2023.09.5
latent,flexibility,regression,R2,4,0.6099895423442196,-0.03968877660756176,0.9999999833237688,0.8974752467369717,True,-0.3900104409795492,-0.287485704392752,0.0,,2023.09.5
reconstruction,flexibility,regression,R2,4,0.5742189909914297,-0.010620739038833316,0.9999999833237688,0.8974752467369717,True,-0.4257809923323391,-0.32325625574554195,0.0,,2023.09.5
raw,molecular_weight,regression,R2,4,0.99755552376982,-0.003448189931552381,0.9818751063206292,0.9818751063206292,False,0.015680417449190798,0.015680417449190798,0.0,,2023.09.5
latent,molecular_weight,regression,R2,4,0.9891974421792578,-0.04996117391878152,0.9818751063206292,0.9818751063206292,False,0.007322335858628515,0.007322335858628515,0.0,,2023.09.5
reconstruction,molecular_weight,regression,R2,4,0.984981247643927,-0.005794558425690655,0.9818751063206292,0.9818751063206292,False,0.003106141323297784,0.003106141323297784,0.0,,2023.09.5
raw,halogen,classification,AUROC,4,1.0,0.5078064520148723,1.0,0.9999867553590154,True,0.0,1.324464098462208e-05,0.5,0.49931365820178447,2023.09.5
latent,halogen,classification,AUROC,4,0.999118062729736,0.48058867556564927,1.0,0.9999867553590154,True,-0.0008819372702639772,-0.0008686926292793551,0.5,0.49931365820178447,2023.09.5
reconstruction,halogen,classification,AUROC,4,0.9999664988492745,0.5111970290798746,1.0,0.9999867553590154,True,-3.35011507255345e-05,-2.025650974091242e-05,0.5,0.49931365820178447,2023.09.5
raw,aromaticity,classification,AUROC,4,1.0,0.5013948345697395,1.0,1.0,True,0.0,0.0,0.5,0.9061271604167966,2023.09.5
latent,aromaticity,classification,AUROC,4,0.9999894031875212,0.5224100620640413,1.0,1.0,True,-1.0596812478835815e-05,-1.0596812478835815e-05,0.5,0.9061271604167966,2023.09.5
reconstruction,aromaticity,classification,AUROC,4,1.0,0.542865294665853,1.0,1.0,True,0.0,0.0,0.5,0.9061271604167966,2023.09.5
raw,urea,classification,AUROC,4,0.8937722574481022,0.47977996876675294,0.9999457135412142,0.9999457135412142,False,-0.10617345609311202,-0.10617345609311202,0.5,0.009546390466088475,2023.09.5
latent,urea,classification,AUROC,4,0.9317184921393209,0.46357749898826384,0.9999457135412142,0.9999457135412142,False,-0.0682272214018933,-0.0682272214018933,0.5,0.009546390466088475,2023.09.5
reconstruction,urea,classification,AUROC,4,0.8412121080517676,0.5172341319882303,0.9999457135412142,0.9999457135412142,False,-0.1587336054894466,-0.1587336054894466,0.5,0.009546390466088475,2023.09.5
raw,boron,classification,AUROC,4,0.9999609008445417,0.5923028785982478,1.0,0.9999218016890835,True,-3.9099155458299784e-05,3.909915545818876e-05,0.5,0.002870156610719411,2023.09.5
latent,boron,classification,AUROC,4,0.9999609008445417,0.5579332947754001,1.0,0.9999218016890835,True,-3.9099155458299784e-05,3.909915545818876e-05,0.5,0.002870156610719411,2023.09.5
reconstruction,boron,classification,AUROC,4,0.9992180168908352,0.5800465595200788,1.0,0.9999218016890835,True,-0.0007819831091647744,-0.0007037847982482859,0.5,0.002870156610719411,2023.09.5
