,positive_ionizable,halogen_F,halogen_Br,aromatic_ring,halogen_Cl,nitro,negative_ionizable,sulfone,nitrile,methyl,amine_primary,aromatic_S,aromatic_N,amine_tertiary,alcohol,methylene,terminal_alkyne,thiophene,aromatic_O,hbond_acceptor,phenyl,benzene,carboxylic_acid,quaternary_carbon,triple_bond,hbond_donor,ether,amide,ester,double_bond,vinyl,amine_secondary,cyclohexane,methine,pyridine,cyclopentane,allyl,cyclopropane,phenol,ketone
positive_ionizable,1.0,-0.006452516012380744,0.04253111085879315,0.012794109514825082,0.039120403555844424,0.8307261140609962,0.7738618353904282,0.019260802878091572,-0.04489715633713341,-0.049362044451853763,-0.034220856497376426,-0.020067121929531077,-0.06515549854160237,0.031007949960656297,0.05541704441862737,-0.05350897069216777,-0.010469285619931311,-0.017290671144551767,-0.024152534054467982,0.08447549257886001,0.09206376167114878,0.09234974212241037,0.048473467304977466,0.0008099625461972179,-0.014658601968638269,-0.005239302818298431,-0.005526529936878078,-0.10756876147050427,-0.02119578003781392,-0.009355666736457548,-0.002198373364398742,-0.041950160420281865,-0.035465617173251425,-0.029743843140688845,-0.04715614837204763,-0.015620835319396831,-0.002783753489769102,-0.020144898411683335,-0.0060323776570252565,0.010280769908349233
halogen_F,-0.006452516012380744,0.9999999999999998,-0.00773817023606131,0.05886579451790127,-0.042500163877074594,-0.0028329176881550437,-0.0032521976867373077,-0.025558365840112982,-0.0007188073057480712,-0.120930868150495,-0.045279510885233736,-0.03976193556533117,0.006564592275148826,-0.05019486317570414,-0.08249205179625764,-0.14032221050577237,-0.026251125987394996,-0.02039453040521527,-0.01481481099983798,-0.08696790495791307,0.06706635314643854,0.06758812196195375,-0.05139806043404649,0.006744031386482051,-0.012785739712951084,-0.14026270833101476,0.024121077033657116,-0.07526246100463996,-0.029123056671719036,-0.01929475366347509,-0.03010071164197849,-0.07380775350261973,0.009768130829066881,-0.0764866657426613,0.022362803251743533,-0.01816724120894545,-0.004979278008153443,-0.026976482256720027,-0.03342307053859796,0.016436073431927038
halogen_Br,0.04253111085879315,-0.00773817023606131,1.0,0.1515166886794054,0.004571634913877136,0.051306163725615146,0.04167179204551155,-0.018901729381004994,-0.06434869791789817,-0.0771229774725491,-0.03166915446296854,0.0005505476593374162,0.030283933529121856,-0.05700197912129156,-0.0682732139488122,-0.1706300905775176,-0.022407726567914076,0.011127673126421702,0.03179245088632862,-0.139547952592233,0.11480108010939953,0.11478954213052817,-0.03742811911177249,-0.05800785719372459,-0.03183971159389784,-0.11683200643575514,-0.08029020320977663,-0.05126909668707801,-0.03315116450496828,-0.02675400702263377,-0.03292692094786003,-0.05617763265396814,-0.05423674134605216,-0.12301466932960244,0.09532196130771643,-0.0428741648649032,-0.03207805066047387,-0.0487432308426041,-0.020575483367716512,-0.010590363769629785
aromatic_ring,0.012794109514825082,0.058865794517901276,0.1515166886794054,1.0,0.128532296853912,0.021059756772038165,0.013378467780940323,-0.008037805828560497,0.0564650866949622,-0.03713293972871009,0.027677329801318012,0.15644999644260746,0.5371686624040671,-0.23548804238095822,-0.11714373386920429,-0.5513606639417841,-0.11765561540516462,0.09341800388489646,0.25820101561054304,-0.27975502845884875,0.5581731518010795,0.5574945352410344,-0.044251103375414595,-0.3107322293141534,-0.12456091171933253,-0.1345000606573408,-0.08715200982729973,-0.2023344135118736,-0.09779604926327379,-0.07410145184400853,-0.08137424484743046,-0.08180176427533567,-0.23532064497604235,-0.4600106693911727,0.2613090452227111,-0.1522600286419827,-0.08735637907944811,-0.1797316969338586,0.08398006903329754,0.04933776964646845
halogen_Cl,0.03912040355584443,-0.04250016387707459,0.004571634913877135,0.128532296853912,0.9999999999999999,0.037931113956601814,0.032841738986323116,0.003869902551149958,-0.034509221506517626,-0.10585435005549122,0.004450732342224949,0.0328433008264799,-0.004107402840456637,-0.03184022173310286,-0.024160202745396597,-0.1527943064631359,-0.019043679742334056,0.031989684573428115,0.013413921354109163,-0.043421060434816215,0.12419081912729434,0.12525045224939382,-0.0013815233715649118,-0.06461548608905993,-0.02578822690656249,-0.06119265570835232,0.00642600868047235,-0.03588205858365092,-0.015841416257921695,-0.015396988447541166,-0.022130376511395083,-0.053536254375763676,-0.050006505950783556,-0.128592663275151,0.018353800808054533,-0.03157174564236545,-0.03203094036660868,-0.021086280092347687,0.040915264908558124,-0.006414849779635575
nitro,0.8307261140609963,-0.0028329176881550437,0.05130616372561515,0.02105975677203816,0.037931113956601814,1.0,0.7958451991380215,0.02022768611781552,-0.04596030160907719,-0.04797624317580499,-0.03398300995124211,-0.023260221734772244,-0.06334967142690594,0.038497905637837816,0.06536705394608695,-0.04771161963820577,-0.011435592154390642,-0.018918559965099276,-0.02675347778401362,0.08547308923472702,0.10060122048906273,0.1002883079051869,0.05157695845795546,-0.0033677232062992754,-0.015602010684946141,0.00804296268162649,-0.010178988038502574,-0.10142049449786084,-0.01355460398079451,-0.017008092676892392,-0.014180078394818803,-0.035612286129885505,-0.029263750442010406,-0.029353106261849508,-0.0464826669343959,-0.01377322780551534,-0.015447575914465135,-0.02344937137157587,-0.003919481053497612,0.001773742211178734
negative_ionizable,0.7738618353904282,-0.003252197686737308,0.041671792045511545,0.013378467780940323,0.032841738986323116,0.7958451991380215,1.0,0.032167571777812404,-0.04552170561834119,-0.04699420500656384,-0.034985894963166723,-0.02428759844625164,-0.05881953530910902,0.02557179866786762,0.05339123153444709,-0.05389840481994674,-0.0105371682070529,-0.021967638352153346,-0.02619641322729518,0.08502129833794571,0.08605589010088668,0.08650489673238851,0.04657430712609563,-0.00542181633132328,-0.013833819695547003,-0.002707473915569675,-0.012652653857260969,-0.10585505141331672,-0.012468674425463101,-0.02033243902800573,-0.01582510638207641,-0.03633069938111745,-0.029983357838636624,-0.03619668689138702,-0.04049989306808856,-0.015106455134265916,-0.014207431793752582,-0.01911520371549768,-0.0034307381482974195,0.008797300484857842
sulfone,0.019260802878091572,-0.025558365840112986,-0.01890172938100499,-0.008037805828560495,0.0038699025511499574,0.02022768611781552,0.0321675717778124,1.0,0.026236498481877594,-0.022506579056134724,-0.047112865857343866,-0.014701121660495363,-0.043541469181148415,-0.05288239759356061,-0.012047844138213488,-0.021219207591801854,-0.01532769072369575,-0.006540030260982661,-0.00017358477120114354,0.25141060271955207,0.04751800367223947,0.04725934949131922,0.020538006738287394,-0.021947490456529658,-0.02026796494489008,-0.01665976470375671,-0.041167519177123565,-0.07461394262442286,-0.006669051531327407,0.044769634162790756,0.04758407944682115,-0.07466967103551968,-0.019616668293433993,-0.045600817231832055,-0.03418356494523414,-0.016671772833429976,-0.020546602028630092,-0.016571870445787767,-0.00779920874489468,-0.010536889220656799
nitrile,-0.04489715633713341,-0.0007188073057480712,-0.06434869791789817,0.0564650866949622,-0.034509221506517626,-0.04596030160907718,-0.04552170561834119,0.026236498481877597,1.0,-0.00073316312935203,-0.09217316926429102,-0.03437995800077304,-0.07060360970449121,0.003967151727827523,-0.14847511861721646,-0.15566344152063766,-0.03459061800580502,-0.011572814626485723,-0.018066687101434234,0.231892585384198,0.07703340152848967,0.07748067545491498,-0.10798259975476923,0.031910795757069274,-0.04747702872275165,-0.2097409680008331,-0.07886050749359953,0.0285846283862641,-0.04240516059068023,0.010614069577389112,0.014669474941291446,-0.07905880019216886,-0.06182452094673617,-0.19546373382000756,0.07133405417481208,-0.0369795826705581,-0.008947849735854385,-0.029132821212512174,-0.028648977963629304,-0.00848879845060012
methyl,-0.049362044451853763,-0.12093086815049502,-0.0771229774725491,-0.03713293972871009,-0.10585435005549122,-0.04797624317580499,-0.04699420500656384,-0.022506579056134724,-0.00073316312935203,0.9999999999999998,-0.037631485587607906,-0.024250604009390823,0.015185966195004315,0.07483968021967172,-0.0871076204586148,-0.17787150204593957,-0.03624606295093864,-0.029148223898688083,-0.013042573225320733,0.17556098474294207,-0.010158244222700556,-0.009345369191161213,-0.02361147833170682,0.09891429289454547,-0.03669700569352445,-0.06493130515617254,0.03679101815723832,0.02500752758335587,0.23138505612562002,-0.07477521424950954,-0.08067905968496099,0.018909192280397582,-0.11743493821982716,-0.08498857936901219,-0.10782339511631477,-0.09746899350155118,-0.06286105217986807,-0.066206636020517,-0.050142471805763304,0.0178417046175731
amine_primary,-0.034220856497376426,-0.045279510885233736,-0.03166915446296855,0.027677329801318016,0.0044507323422249495,-0.03398300995124211,-0.03498589496316673,-0.04711286585734386,-0.092173169264291,-0.037631485587607906,0.9999999999999999,-0.029754538947564708,0.05695199884373494,-0.050407935966152215,-0.1103555918025699,-0.053810078702740106,-0.02054601119474968,-0.02771768281482448,0.043946561719318065,-0.16287458222724005,0.0004575347148899575,2.6640767079637693e-05,-0.06793009192858179,-0.021128267241941053,-0.009659754010867905,0.2637370241260207,-0.09867929203514536,-0.014689265702565563,-0.011085196181165565,-0.028904388687933668,-0.03137980401864073,-0.10476578826348845,0.05735996623481488,-0.005548735212332453,-0.002526346556249378,0.04214261345079684,-0.016856279746087454,-0.014773980744901445,-0.04242357052168154,-0.024559384071282983
aromatic_S,-0.020067121929531077,-0.03976193556533117,0.0005505476593374162,0.15644999644260743,0.0328433008264799,-0.023260221734772244,-0.02428759844625164,-0.014701121660495363,-0.03437995800077304,-0.024250604009390823,-0.029754538947564708,1.0,0.07993174923077292,-0.0528416547775183,-0.0658102861045812,-0.10744076335963859,-0.020322331510487842,0.6010838383386243,0.013601243195187464,-0.05780147444110735,-0.055382307162126936,-0.056064902463462546,-0.022946667819289834,-0.05985751437651859,-0.013461053597107149,-0.06311371615306303,-0.06725938644016809,-0.003237195187541149,0.028016077498440147,-0.011266551175840932,-0.009540885392944766,-0.001868104523485152,-0.023734159863183158,-0.10111075936668475,-0.060711227619696134,-0.030619468891425628,-0.011427721667519559,-0.033158260847670144,-0.02366686929753834,0.01709687645761686
aromatic_N,-0.06515549854160237,0.006564592275148826,0.030283933529121856,0.5371686624040672,-0.004107402840456637,-0.06334967142690594,-0.05881953530910902,-0.043541469181148415,-0.07060360970449121,0.015185966195004317,0.05695199884373494,0.07993174923077292,0.9999999999999999,-0.2583429757161295,-0.12268151397111533,-0.227788829168341,-0.07213703231501192,0.007248139890589161,0.20273059189079778,-0.3977647676839699,-0.2204765094493577,-0.22124009471827316,-0.04908352315607386,-0.13077693696353226,-0.07524130253028766,-0.14890153785781463,-0.11824108352222679,-0.33336192985273155,-0.05138005699893186,-0.011299803576996111,-0.024386985417320126,-0.10396931917417092,-0.06951134792418895,-0.20958798369866183,0.1624769362943337,-0.0830398378854423,-0.036901940129156194,-0.06987667047728433,-0.02683659370937326,-0.02597039989820134
amine_tertiary,0.0310079499606563,-0.05019486317570414,-0.05700197912129157,-0.23548804238095822,-0.03184022173310286,0.03849790563783782,0.02557179866786762,-0.05288239759356061,0.003967151727827523,0.07483968021967173,-0.050407935966152215,-0.052841654777518295,-0.2583429757161295,1.0,0.016756887763048157,0.383624860130598,0.03842284209404911,-0.028670172206598846,-0.13478796662746498,0.49344029929222777,-0.0668332622046156,-0.06720988492388251,-0.036783571172084896,0.013716364952522077,-0.0009355918451378125,-0.25406246618040607,-0.03540791342511411,0.3863935389370603,-0.05928631302743359,-0.09982645165463531,-0.09201472081802929,-0.29982923041335846,-0.062391987105301944,0.12803403783675027,-0.026593361310994355,-0.04561362298020113,-0.06248793035932656,0.019200199526776054,-0.014168204737219865,-0.13418149862771633
alcohol,0.05541704441862737,-0.08249205179625764,-0.0682732139488122,-0.1171437338692043,-0.024160202745396597,0.06536705394608695,0.05339123153444709,-0.012047844138213488,-0.14847511861721646,-0.0871076204586148,-0.1103555918025699,-0.06581028610458119,-0.12268151397111535,0.016756887763048157,0.9999999999999998,-0.01932054034432025,-0.04144529551848315,-0.021303265574070047,-0.07630586859146872,0.04779384389494058,0.0019392465674960891,0.0030410207413522987,0.6027114997146598,0.042949274929155005,-0.01949014517443571,0.5424494840465558,0.18569855621367615,-0.030187693565722873,-0.12666938731868463,0.021155774608979064,0.022692874989875222,-0.14214231749252607,0.04797094988222643,0.09886079215987527,-0.01270417227115577,0.03708212450600274,0.01293650117941778,-0.020589425805921813,0.2827421698628962,0.011494306179101578
methylene,-0.053508970692167764,-0.14032221050577237,-0.1706300905775176,-0.5513606639417841,-0.15279430646313594,-0.04771161963820577,-0.05389840481994674,-0.021219207591801858,-0.15566344152063769,-0.17787150204593957,-0.0538100787027401,-0.1074407633596386,-0.227788829168341,0.38362486013059793,-0.01932054034432025,1.0,0.041461344425250866,-0.06585520434271985,-0.12680856504602359,0.1733406651267381,-0.3066303444492414,-0.3074688481384429,-0.12802693488398026,0.26559935567610043,0.01879460003058438,-4.1897811129699434e-05,0.1029418769938919,0.19888672765758,0.028404561482659026,0.024805332216771635,0.03140078199712122,0.07303300707260262,0.36247264632605297,0.36094442651745906,-0.20580279626447515,0.14269281613732926,0.07318625858646349,0.11112967971328118,-0.05134888055757861,-0.10180041774814357
terminal_alkyne,-0.010469285619931311,-0.026251125987394996,-0.022407726567914076,-0.1176556154051646,-0.019043679742334056,-0.01143559215439064,-0.010537168207052899,-0.015327690723695749,-0.03459061800580503,-0.03624606295093864,-0.02054601119474968,-0.020322331510487845,-0.07213703231501192,0.038422842094049114,-0.04144529551848316,0.041461344425250866,1.0,-0.009891945267469001,-0.01887932505705143,-0.022266585962920287,-0.0687785354721411,-0.0693575077321519,-0.022461168532081754,0.09480106954897301,0.6909617024966495,-0.05079133178592198,-0.03797908742370819,0.04476093180592023,-0.017891985563766845,-0.023401802143458206,-0.023832050168855867,-0.0105084382173896,0.06403444538038676,0.11906819044172769,-0.011845927877722583,-0.016568600703488912,-0.019974956768990554,0.06206785110754309,-0.01805132137452742,-0.02742633491463169
thiophene,-0.017290671144551767,-0.020394530405215265,0.011127673126421702,0.09341800388489646,0.031989684573428115,-0.018918559965099276,-0.021967638352153346,-0.006540030260982661,-0.011572814626485722,-0.029148223898688083,-0.027717682814824472,0.6010838383386244,0.007248139890589162,-0.02867017220659885,-0.021303265574070047,-0.06585520434271985,-0.009891945267469001,1.0,0.019310189799582392,-0.01909906172825091,-0.0580693145749028,-0.05871818616352073,0.009414384483778298,-0.04024916922406369,-0.0066290408058326325,-0.04251280087922847,-0.048085300493502854,0.00812918488008449,0.03187794737676888,-0.008235825853111492,-0.008130239052727166,-0.018291423988002126,-0.009721392548934251,-0.050879997836030325,-0.03905576867538301,-0.019625688257636997,-0.0006862183197161569,-0.0243921078048171,-0.020017752762953114,0.01350545251618556
aromatic_O,-0.024152534054467982,-0.014814810999837977,0.03179245088632862,0.25820101561054304,0.013413921354109163,-0.026753477784013616,-0.02619641322729518,-0.0001735847712011435,-0.018066687101434234,-0.013042573225320734,0.043946561719318065,0.013601243195187464,0.20273059189079776,-0.134787966627465,-0.07630586859146872,-0.12680856504602359,-0.01887932505705143,0.019310189799582392,1.0,-0.18263236629382276,0.020589522540329388,0.019712754020503744,-0.04422213239085894,-0.07676002313352076,-0.027390752328965668,-0.07503914479479559,-0.04889383258811061,-0.15160465308401286,-0.029784035558683003,0.03782558684106412,0.021141767018370214,-0.050477734225884204,-0.031511373055105464,-0.08651250250470655,-0.042314068073748205,-0.020597240721565678,0.006868927565130503,-0.00855942805845616,-0.004197109520383653,-0.013527593458982986
hbond_acceptor,0.08447549257886001,-0.08696790495791307,-0.139547952592233,-0.2797550284588487,-0.043421060434816215,0.08547308923472702,0.08502129833794571,0.25141060271955207,0.23189258538419796,0.17556098474294207,-0.16287458222724005,-0.05780147444110735,-0.3977647676839699,0.49344029929222777,0.04779384389494059,0.17334066512673807,-0.022266585962920287,-0.019099061728250908,-0.18263236629382276,0.9999999999999999,0.027459746907331432,0.027090847005338682,0.19444826561352566,-0.0019378282637519167,-0.0691849732127555,-0.13924305708377183,0.23910961335023323,0.31743322837213134,0.34001679734532886,-0.09549557200613834,-0.09306809242566581,-0.16280970926251456,-0.0780670456473655,0.014766856260645068,-0.09853270779040223,-0.03933155382290865,-0.0937159018155855,-0.029231305269490665,-0.04757722823076918,0.047042882515647366
phenyl,0.09206376167114878,0.06706635314643854,0.11480108010939953,0.5581731518010796,0.12419081912729434,0.10060122048906274,0.08605589010088668,0.04751800367223947,0.07703340152848967,-0.010158244222700554,0.0004575347148899575,-0.05538230716212694,-0.22047650944935768,-0.0668332622046156,0.0019392465674960893,-0.30663034444924137,-0.0687785354721411,-0.058069314574902796,0.020589522540329388,0.027459746907331432,1.0,0.9835797116900957,0.015699425928740518,-0.18253353090309746,-0.07437430416930481,-0.0014395307746106769,0.0434365402103477,0.028887150411103183,-0.0573195657313411,-0.05614165889342175,-0.059930722495977244,-0.01537507053206622,-0.15131722694202548,-0.2405637713315821,-0.2491418007530483,-0.08012390692520668,-0.06486934891367056,-0.12387849697553134,0.09873505817517256,0.06375320411960479
benzene,0.09234974212241037,0.06758812196195375,0.11478954213052817,0.5574945352410343,0.12525045224939382,0.1002883079051869,0.08650489673238852,0.04725934949131923,0.07748067545491497,-0.009345369191161213,2.664076707963769e-05,-0.056064902463462546,-0.22124009471827313,-0.06720988492388251,0.0030410207413522983,-0.3074688481384429,-0.0693575077321519,-0.05871818616352073,0.019712754020503744,0.02709084700533868,0.9835797116900958,1.0,0.017155899900712892,-0.18170463887436325,-0.07522346093006461,-0.0009096267045770999,0.04296033195190304,0.030047938631832683,-0.05842706495237827,-0.05488277740767353,-0.058983104220167906,-0.014756384599676315,-0.15243695346097388,-0.24187598529173415,-0.24930037440190433,-0.08028850157678559,-0.0632181857974993,-0.12446517029713437,0.09945713214277017,0.06362078308567196
carboxylic_acid,0.048473467304977466,-0.05139806043404649,-0.03742811911177248,-0.044251103375414595,-0.0013815233715649118,0.05157695845795545,0.04657430712609563,0.02053800673828739,-0.10798259975476923,-0.02361147833170682,-0.06793009192858179,-0.022946667819289834,-0.049083523156073866,-0.03678357117208489,0.6027114997146598,-0.12802693488398026,-0.022461168532081754,0.009414384483778298,-0.04422213239085894,0.19444826561352563,0.015699425928740515,0.017155899900712892,1.0,-0.04277347911373992,-0.013827684892136123,0.3168357470808278,-0.11716628602869011,-0.08486886380777243,-0.09018391151416302,0.031203565257637737,0.02408658825789279,-0.10904547074609225,0.03287147874138783,0.061470173991507844,-0.011011681723019875,0.029247269372889583,0.03273448211901885,0.0013981724887858222,-0.04747721518920359,0.058800786763600975
quaternary_carbon,0.0008099625461972179,0.006744031386482052,-0.05800785719372459,-0.3107322293141534,-0.06461548608905993,-0.003367723206299276,-0.005421816331323279,-0.021947490456529658,0.03191079575706928,0.09891429289454547,-0.021128267241941053,-0.05985751437651859,-0.13077693696353226,0.013716364952522079,0.042949274929155005,0.26559935567610043,0.09480106954897301,-0.04024916922406369,-0.07676002313352077,-0.0019378282637519167,-0.18253353090309749,-0.18170463887436325,-0.04277347911373992,1.0,0.06789314180455519,0.020134625631921078,0.005728319388386286,0.030472023958999127,0.0284362626712539,-0.05292984589905351,-0.047897228011754084,0.0025190912717050155,0.06537558763479814,-0.08971628062404653,-0.09318452176248006,0.042061462075667015,-0.030312167713807833,0.20067942943500203,-0.04231747264687482,-0.006136616408821936
triple_bond,-0.014658601968638269,-0.012785739712951084,-0.03183971159389784,-0.12456091171933252,-0.02578822690656249,-0.015602010684946141,-0.013833819695547003,-0.02026796494489008,-0.04747702872275165,-0.03669700569352446,-0.009659754010867903,-0.013461053597107149,-0.07524130253028766,-0.0009355918451378125,-0.01949014517443571,0.018794600030584377,0.6909617024966495,-0.006629040805832633,-0.027390752328965665,-0.06918497321275552,-0.07437430416930481,-0.07522346093006461,-0.013827684892136122,0.06789314180455519,1.0,-0.035997862065522024,-0.04513483448119358,-0.006361027780276451,-0.00506661335332215,-0.032440475543544046,-0.03296869806999119,-0.017411388435822423,0.05375227397309732,0.07788497410717622,-0.014457766016288131,-0.02413306656287095,-0.022462825922276802,0.049918724281964866,-0.013560633540235295,-0.02487999839523192
hbond_donor,-0.005239302818298432,-0.14026270833101476,-0.11683200643575514,-0.13450006065734083,-0.06119265570835231,0.00804296268162649,-0.0027074739155696754,-0.01665976470375671,-0.2097409680008331,-0.06493130515617254,0.2637370241260207,-0.06311371615306305,-0.14890153785781463,-0.25406246618040607,0.5424494840465558,-4.1897811129699434e-05,-0.05079133178592198,-0.04251280087922847,-0.07503914479479559,-0.13924305708377183,-0.0014395307746106769,-0.0009096267045770998,0.3168357470808278,0.020134625631921078,-0.035997862065522024,1.0,0.039030275532485816,0.11189583064013031,-0.08002893807212227,-0.06624457800418121,-0.06113755915342803,0.5779220557692385,0.07605054249798196,0.115326460109434,-0.01191332469430713,0.06330537914898102,-0.04453944329983539,-0.031167451840584434,0.15531710869450926,-0.07705316384763025
ether,-0.005526529936878078,0.024121077033657116,-0.08029020320977664,-0.08715200982729973,0.00642600868047235,-0.010178988038502574,-0.012652653857260969,-0.041167519177123565,-0.07886050749359953,0.03679101815723833,-0.09867929203514536,-0.06725938644016809,-0.11824108352222676,-0.03540791342511411,0.18569855621367615,0.1029418769938919,-0.03797908742370819,-0.048085300493502854,-0.04889383258811061,0.23910961335023323,0.0434365402103477,0.04296033195190304,-0.11716628602869011,0.005728319388386286,-0.04513483448119358,0.03903027553248582,1.0,-0.037371184970396695,-0.04930505621319034,-0.03228948469226093,-0.029581770934576406,-0.0584085811254648,-0.027791269116055155,0.0006290157814067373,-0.036477112156781906,-0.034167899661257446,-0.04099379795766077,-0.05165228381969775,0.1713018979348793,-0.004285755901649487
amide,-0.10756876147050427,-0.07526246100463996,-0.051269096687078006,-0.20233441351187356,-0.035882058583650914,-0.10142049449786084,-0.10585505141331672,-0.07461394262442286,0.0285846283862641,0.025007527583355865,-0.014689265702565563,-0.0032371951875411484,-0.33336192985273155,0.3863935389370603,-0.030187693565722876,0.19888672765758003,0.04476093180592023,0.00812918488008449,-0.15160465308401283,0.3174332283721314,0.02888715041110318,0.03004793863183268,-0.08486886380777243,0.030472023958999124,-0.006361027780276451,0.1118958306401303,-0.0373711849703967,1.0,-0.1973563367836924,-0.12605915957614136,-0.1118498334927273,0.20219907006080384,0.032855243883004426,0.14371549334237518,-0.09352066034528392,0.04430699595461075,-0.0817768776929223,0.05381641518625738,-0.002965578719258075,-0.1825743349329959
ester,-0.02119578003781392,-0.02912305667171904,-0.03315116450496828,-0.09779604926327379,-0.0158414162579217,-0.013554603980794508,-0.012468674425463103,-0.006669051531327409,-0.04240516059068023,0.23138505612562002,-0.011085196181165565,0.02801607749844015,-0.05138005699893186,-0.0592863130274336,-0.12666938731868463,0.02840456148265903,-0.017891985563766845,0.03187794737676888,-0.029784035558683006,0.34001679734532886,-0.0573195657313411,-0.05842706495237827,-0.09018391151416304,0.028436262671253904,-0.005066613353322151,-0.08002893807212227,-0.04930505621319035,-0.19735633678369238,0.9999999999999999,0.00034630543314741023,-0.008100249090425943,0.020837840317270293,-0.002969054411901598,0.006367041055461286,-0.039824192216408996,0.0183234379926095,-0.006707670260160898,-0.014364645372158714,-0.026913147856327934,-0.0049918802700086645
double_bond,-0.009355666736457548,-0.01929475366347509,-0.02675400702263377,-0.07410145184400853,-0.015396988447541166,-0.017008092676892392,-0.02033243902800573,0.04476963416279076,0.010614069577389112,-0.07477521424950954,-0.028904388687933665,-0.011266551175840932,-0.011299803576996111,-0.09982645165463531,0.021155774608979064,0.024805332216771638,-0.023401802143458206,-0.008235825853111492,0.037825586841064116,-0.09549557200613834,-0.05614165889342175,-0.05488277740767352,0.03120356525763774,-0.05292984589905351,-0.03244047554354405,-0.06624457800418121,-0.032289484692260936,-0.12605915957614133,0.00034630543314741023,0.9999999999999999,0.8842251872988186,-0.08981623919944705,0.013864185360132649,0.2581993455037411,-0.023626443110129448,0.04123518581997366,0.6956991561729279,0.0122947479221902,-0.02022296955690329,0.01598097028926755
vinyl,-0.002198373364398742,-0.03010071164197849,-0.03292692094786003,-0.08137424484743046,-0.022130376511395083,-0.014180078394818803,-0.01582510638207641,0.04758407944682116,0.014669474941291446,-0.08067905968496097,-0.03137980401864073,-0.009540885392944766,-0.024386985417320126,-0.09201472081802929,0.022692874989875222,0.03140078199712122,-0.023832050168855867,-0.008130239052727166,0.021141767018370214,-0.09306809242566583,-0.059930722495977244,-0.05898310422016791,0.02408658825789279,-0.047897228011754084,-0.03296869806999119,-0.06113755915342803,-0.029581770934576403,-0.1118498334927273,-0.008100249090425943,0.8842251872988186,1.0,-0.08393829873463793,0.019622010871810626,0.2801472141878136,-0.01708254005405725,0.04716220154585457,0.6537584286456966,0.019348693630889587,-0.013468722207370557,0.010341968995235384
amine_secondary,-0.04195016042028186,-0.07380775350261971,-0.056177632653968135,-0.08180176427533567,-0.05353625437576368,-0.03561228612988551,-0.03633069938111745,-0.07466967103551968,-0.07905880019216886,0.018909192280397582,-0.10476578826348844,-0.001868104523485152,-0.10396931917417089,-0.29982923041335846,-0.14214231749252607,0.07303300707260262,-0.010508438217389598,-0.01829142398800213,-0.0504777342258842,-0.16280970926251456,-0.015375070532066219,-0.014756384599676316,-0.10904547074609225,0.0025190912717050155,-0.017411388435822427,0.5779220557692385,-0.058408581125464806,0.20219907006080387,0.020837840317270293,-0.08981623919944705,-0.08393829873463793,0.9999999999999998,0.025512794451757685,0.08508111343140229,0.005814343483546622,0.026828879699602716,-0.060935376214144216,-0.00788209296910579,-0.038271988937694214,-0.09784468340081236
cyclohexane,-0.035465617173251425,0.009768130829066881,-0.05423674134605216,-0.23532064497604238,-0.050006505950783556,-0.029263750442010406,-0.029983357838636624,-0.019616668293433993,-0.06182452094673617,-0.11743493821982717,0.05735996623481488,-0.023734159863183158,-0.06951134792418895,-0.06239198710530195,0.04797094988222644,0.36247264632605297,0.06403444538038675,-0.009721392548934253,-0.03151137305510546,-0.07806704564736548,-0.15131722694202548,-0.15243695346097388,0.03287147874138783,0.06537558763479814,0.05375227397309733,0.07605054249798196,-0.027791269116055152,0.032855243883004426,-0.0029690544119015984,0.013864185360132649,0.019622010871810626,0.025512794451757685,0.9999999999999999,0.32843879846521506,-0.08993006250184667,0.14935849428552947,-0.02634177309224726,-0.029277310271943666,-0.008890826474969048,-0.017957440603184178
methine,-0.029743843140688845,-0.0764866657426613,-0.12301466932960244,-0.4600106693911727,-0.128592663275151,-0.029353106261849508,-0.03619668689138702,-0.04560081723183205,-0.1954637338200076,-0.08498857936901219,-0.005548735212332453,-0.10111075936668475,-0.20958798369866183,0.12803403783675024,0.09886079215987528,0.36094442651745906,0.11906819044172769,-0.050879997836030325,-0.08651250250470655,0.014766856260645068,-0.2405637713315821,-0.24187598529173415,0.061470173991507844,-0.08971628062404653,0.07788497410717622,0.11532646010943398,0.0006290157814067373,0.14371549334237518,0.006367041055461285,0.2581993455037411,0.2801472141878136,0.08508111343140229,0.32843879846521506,1.0,-0.20026748370358444,0.31523963482300144,0.1695908909360152,0.2092679772960131,-0.08583227165106357,-0.09133509038198884
pyridine,-0.047156148372047624,0.022362803251743533,0.09532196130771645,0.2613090452227111,0.01835380080805453,-0.0464826669343959,-0.04049989306808856,-0.034183564945234134,0.07133405417481208,-0.1078233951163148,-0.002526346556249378,-0.06071122761969614,0.16247693629433368,-0.026593361310994355,-0.01270417227115577,-0.20580279626447515,-0.011845927877722583,-0.03905576867538301,-0.042314068073748205,-0.09853270779040223,-0.2491418007530483,-0.24930037440190436,-0.011011681723019877,-0.09318452176248007,-0.014457766016288131,-0.01191332469430713,-0.0364771121567819,-0.09352066034528393,-0.039824192216409,-0.023626443110129448,-0.01708254005405725,0.005814343483546622,-0.08993006250184667,-0.20026748370358444,1.0,-0.03888303843014183,-0.0004890145750944466,-0.04031555379413889,0.05851437194927271,-0.003371402228124632
cyclopentane,-0.015620835319396831,-0.01816724120894545,-0.0428741648649032,-0.1522600286419827,-0.03157174564236545,-0.01377322780551534,-0.015106455134265916,-0.016671772833429976,-0.0369795826705581,-0.09746899350155118,0.04214261345079684,-0.030619468891425625,-0.08303983788544228,-0.04561362298020113,0.03708212450600274,0.14269281613732926,-0.01656860070348891,-0.019625688257636997,-0.020597240721565678,-0.03933155382290865,-0.0801239069252067,-0.08028850157678558,0.02924726937288958,0.04206146207566701,-0.02413306656287095,0.06330537914898102,-0.034167899661257446,0.04430699595461076,0.018323437992609496,0.04123518581997366,0.04716220154585457,0.026828879699602712,0.14935849428552947,0.31523963482300144,-0.03888303843014182,1.0,-0.023675926194119276,0.02812884122970266,-0.019028254363649022,-0.02327547042236418
allyl,-0.0027837534897691015,-0.004979278008153443,-0.03207805066047387,-0.08735637907944811,-0.03203094036660868,-0.015447575914465135,-0.01420743179375258,-0.020546602028630092,-0.008947849735854387,-0.06286105217986807,-0.016856279746087454,-0.011427721667519559,-0.03690194012915619,-0.06248793035932656,0.012936501179417782,0.07318625858646349,-0.019974956768990557,-0.0006862183197161568,0.006868927565130503,-0.09371590181558549,-0.06486934891367058,-0.0632181857974993,0.032734482119018846,-0.030312167713807833,-0.022462825922276802,-0.044539443299835384,-0.04099379795766077,-0.08177687769292229,-0.006707670260160899,0.695699156172928,0.6537584286456966,-0.060935376214144216,-0.02634177309224726,0.1695908909360152,-0.0004890145750944466,-0.023675926194119273,1.0,0.04710390905440082,-0.019563346008762895,-0.010853700985953289
cyclopropane,-0.02014489841168333,-0.026976482256720027,-0.0487432308426041,-0.1797316969338586,-0.021086280092347687,-0.02344937137157587,-0.019115203715497683,-0.016571870445787767,-0.029132821212512174,-0.066206636020517,-0.014773980744901443,-0.03315826084767014,-0.06987667047728433,0.019200199526776054,-0.020589425805921813,0.11112967971328118,0.062067851107543086,-0.0243921078048171,-0.00855942805845616,-0.02923130526949066,-0.12387849697553133,-0.12446517029713437,0.0013981724887858222,0.20067942943500205,0.049918724281964866,-0.031167451840584438,-0.05165228381969774,0.05381641518625737,-0.014364645372158714,0.0122947479221902,0.019348693630889587,-0.007882092969105789,-0.029277310271943666,0.2092679772960131,-0.04031555379413889,0.02812884122970266,0.047103909054400823,1.0,-0.0346371524486823,-0.03436294215531394
phenol,-0.006032377657025257,-0.03342307053859796,-0.02057548336771651,0.08398006903329752,0.04091526490855812,-0.003919481053497612,-0.003430738148297419,-0.00779920874489468,-0.0286489779636293,-0.050142471805763304,-0.04242357052168154,-0.02366686929753834,-0.02683659370937326,-0.014168204737219863,0.2827421698628962,-0.051348880557578615,-0.01805132137452742,-0.020017752762953117,-0.004197109520383653,-0.04757722823076918,0.09873505817517257,0.09945713214277016,-0.0474772151892036,-0.04231747264687481,-0.013560633540235295,0.1553171086945093,0.17130189793487932,-0.002965578719258075,-0.026913147856327937,-0.02022296955690329,-0.013468722207370559,-0.038271988937694214,-0.008890826474969048,-0.08583227165106357,0.05851437194927271,-0.019028254363649022,-0.019563346008762895,-0.0346371524486823,0.9999999999999999,8.356180268349262e-06
ketone,0.010280769908349233,0.01643607343192704,-0.010590363769629784,0.04933776964646845,-0.006414849779635575,0.001773742211178734,0.008797300484857842,-0.010536889220656797,-0.00848879845060012,0.0178417046175731,-0.02455938407128298,0.017096876457616858,-0.025970399898201345,-0.13418149862771633,0.01149430617910158,-0.10180041774814355,-0.027426334914631686,0.013505452516185559,-0.013527593458982986,0.04704288251564737,0.06375320411960479,0.06362078308567196,0.058800786763600975,-0.0061366164088219365,-0.02487999839523192,-0.07705316384763025,-0.0042857559016494864,-0.1825743349329959,-0.0049918802700086645,0.01598097028926755,0.010341968995235384,-0.09784468340081237,-0.017957440603184178,-0.09133509038198884,-0.0033714022281246324,-0.02327547042236418,-0.01085370098595329,-0.03436294215531395,8.356180268349262e-06,1.0
